case_id,activity,timestamp,resource,amount,lost_reason
OPP-1001,Crear Lead,2026-07-14 13:52:00,Luis Perez,18020,
OPP-1001,Contactar Cliente,2026-07-14 20:13:00,Luis Perez,18020,
OPP-1001,Calificar Lead,2026-07-16 01:13:00,Luis Perez,18020,
OPP-1001,Agendar Demo,2026-07-18 01:13:00,Luis Perez,18020,
OPP-1001,Realizar Demo,2026-07-22 01:13:00,Luis Perez,18020,
OPP-1001,Enviar Propuesta,2026-07-24 01:13:00,Luis Perez,18020,
OPP-1001,Negociación,2026-07-26 01:13:00,Elena Silva,18020,
OPP-1001,Enviar Propuesta,2026-07-28 01:13:00,Luis Perez,17068,
OPP-1001,Negociación,2026-07-29 01:13:00,Carlos Mendoza,17068,
OPP-1001,Aprobación Legal,2026-07-30 01:13:00,Abog. Castro,17068,
OPP-1001,Cerrar Ganado,2026-08-01 01:13:00,Elena Silva,17068,
OPP-1002,Crear Lead,2026-07-17 00:07:00,Juan Martinez,33146,
OPP-1002,Contactar Cliente,2026-07-17 12:20:00,Juan Martinez,33146,
OPP-1002,Calificar Lead,2026-07-17 18:20:00,Juan Martinez,33146,
OPP-1002,Agendar Demo,2026-07-19 18:20:00,Juan Martinez,33146,
OPP-1002,Realizar Demo,2026-07-22 18:20:00,Juan Martinez,33146,
OPP-1002,Enviar Propuesta,2026-07-23 18:20:00,Juan Martinez,33146,
OPP-1002,Negociación,2026-07-27 18:20:00,Carlos Mendoza,33146,
OPP-1002,Aprobación Legal,2026-07-28 18:20:00,Abog. Castro,33146,
OPP-1002,Cerrar Perdido,2026-07-30 18:20:00,Abog. Castro,33146,La calidad no le gusta al cliente
OPP-1003,Crear Lead,2026-07-17 05:57:00,Juan Martinez,13767,
OPP-1003,Contactar Cliente,2026-07-17 17:19:00,Juan Martinez,13767,
OPP-1003,Calificar Lead,2026-07-18 19:19:00,Juan Martinez,13767,
OPP-1003,Agendar Demo,2026-07-21 19:19:00,Juan Martinez,13767,
OPP-1003,Realizar Demo,2026-07-24 19:19:00,Juan Martinez,13767,
OPP-1003,Enviar Propuesta,2026-07-25 19:19:00,Juan Martinez,13767,
OPP-1003,Negociación,2026-07-28 19:19:00,Elena Silva,13767,
OPP-1003,Cerrar Ganado,2026-07-30 19:19:00,Carlos Mendoza,13767,
OPP-1004,Crear Lead,2026-07-02 11:40:00,Ana Gomez,21774,
OPP-1004,Contactar Cliente,2026-07-02 18:11:00,Ana Gomez,21774,
OPP-1004,Calificar Lead,2026-07-03 04:11:00,Ana Gomez,21774,
OPP-1004,Enviar Propuesta,2026-07-05 04:11:00,Ana Gomez,21774,
OPP-1004,Negociación,2026-07-09 04:11:00,Carlos Mendoza,21774,
OPP-1004,Aprobación Legal,2026-07-10 04:11:00,Abog. Ruiz,21774,
OPP-1004,Cerrar Ganado,2026-07-13 04:11:00,Elena Silva,21774,
OPP-1005,Crear Lead,2026-07-12 23:49:00,Ana Gomez,9263,
OPP-1005,Contactar Cliente,2026-07-13 10:36:00,Ana Gomez,9263,
OPP-1005,Calificar Lead,2026-07-13 23:36:00,Ana Gomez,9263,
OPP-1005,Agendar Demo,2026-07-14 23:36:00,Ana Gomez,9263,
OPP-1005,Realizar Demo,2026-07-15 23:36:00,Ana Gomez,9263,
OPP-1005,Enviar Propuesta,2026-07-16 23:36:00,Ana Gomez,9263,
OPP-1005,Negociación,2026-07-20 23:36:00,Elena Silva,9263,
OPP-1005,Cerrar Perdido,2026-07-22 23:36:00,Elena Silva,9263,No tenemos el producto (sin existencias)
OPP-1006,Crear Lead,2026-07-16 18:18:00,Luis Perez,19617,
OPP-1006,Contactar Cliente,2026-07-16 22:05:00,Luis Perez,19617,
OPP-1006,Calificar Lead,2026-07-17 15:05:00,Luis Perez,19617,
OPP-1006,Agendar Demo,2026-07-20 15:05:00,Luis Perez,19617,
OPP-1006,Realizar Demo,2026-07-24 15:05:00,Luis Perez,19617,
OPP-1006,Enviar Propuesta,2026-07-26 15:05:00,Luis Perez,19617,
OPP-1006,Negociación,2026-07-30 15:05:00,Elena Silva,19617,
OPP-1006,Aprobación Legal,2026-08-01 15:05:00,Abog. Castro,19617,
OPP-1006,Cerrar Ganado,2026-08-03 15:05:00,Carlos Mendoza,19617,
OPP-1007,Crear Lead,2026-07-06 23:06:00,Ana Gomez,6513,
OPP-1007,Contactar Cliente,2026-07-07 16:41:00,Ana Gomez,6513,
OPP-1007,Calificar Lead,2026-07-09 07:41:00,Ana Gomez,6513,
OPP-1007,Agendar Demo,2026-07-12 07:41:00,Ana Gomez,6513,
OPP-1007,Realizar Demo,2026-07-14 07:41:00,Ana Gomez,6513,
OPP-1007,Enviar Propuesta,2026-07-16 07:41:00,Ana Gomez,6513,
OPP-1007,Negociación,2026-07-21 07:41:00,Elena Silva,6513,
OPP-1007,Cerrar Ganado,2026-07-22 07:41:00,Elena Silva,6513,
OPP-1008,Crear Lead,2026-07-07 02:39:00,Maria Rodriguez,3641,
OPP-1008,Contactar Cliente,2026-07-07 11:22:00,Maria Rodriguez,3641,
OPP-1008,Calificar Lead,2026-07-07 20:22:00,Maria Rodriguez,3641,
OPP-1008,Agendar Demo,2026-07-09 20:22:00,Maria Rodriguez,3641,
OPP-1008,Realizar Demo,2026-07-12 20:22:00,Maria Rodriguez,3641,
OPP-1008,Enviar Propuesta,2026-07-14 20:22:00,Maria Rodriguez,3641,
OPP-1008,Negociación,2026-07-15 20:22:00,Elena Silva,3641,
OPP-1008,Cerrar Ganado,2026-07-17 20:22:00,Carlos Mendoza,3641,
OPP-1009,Crear Lead,2026-07-08 11:35:00,Luis Perez,47957,
OPP-1009,Contactar Cliente,2026-07-09 03:04:00,Luis Perez,47957,
OPP-1009,Calificar Lead,2026-07-09 16:04:00,Luis Perez,47957,
OPP-1009,Agendar Demo,2026-07-12 16:04:00,Luis Perez,47957,
OPP-1009,Realizar Demo,2026-07-13 16:04:00,Luis Perez,47957,
OPP-1009,Enviar Propuesta,2026-07-14 16:04:00,Luis Perez,47957,
OPP-1009,Negociación,2026-07-19 16:04:00,Elena Silva,47957,
OPP-1009,Aprobación Legal,2026-07-23 16:04:00,Abog. Ruiz,47957,
OPP-1009,Cerrar Ganado,2026-07-26 16:04:00,Carlos Mendoza,47957,
OPP-1010,Crear Lead,2026-07-09 04:19:00,Luis Perez,32616,
OPP-1010,Contactar Cliente,2026-07-10 02:56:00,Luis Perez,32616,
OPP-1010,Calificar Lead,2026-07-10 12:56:00,Luis Perez,32616,
OPP-1010,Agendar Demo,2026-07-12 12:56:00,Luis Perez,32616,
OPP-1010,Realizar Demo,2026-07-14 12:56:00,Luis Perez,32616,
OPP-1010,Enviar Propuesta,2026-07-16 12:56:00,Luis Perez,32616,
OPP-1010,Negociación,2026-07-17 12:56:00,Carlos Mendoza,32616,
OPP-1010,Cerrar Ganado,2026-07-18 12:56:00,Elena Silva,32616,
OPP-1011,Crear Lead,2026-07-12 08:00:00,Ana Gomez,16526,
OPP-1011,Contactar Cliente,2026-07-12 21:24:00,Ana Gomez,16526,
OPP-1011,Calificar Lead,2026-07-12 23:24:00,Ana Gomez,16526,
OPP-1011,Agendar Demo,2026-07-13 23:24:00,Ana Gomez,16526,
OPP-1011,Realizar Demo,2026-07-17 23:24:00,Ana Gomez,16526,
OPP-1011,Enviar Propuesta,2026-07-18 23:24:00,Ana Gomez,16526,
OPP-1011,Negociación,2026-07-20 23:24:00,Carlos Mendoza,16526,
OPP-1011,Aprobación Legal,2026-07-22 23:24:00,Abog. Ruiz,16526,
OPP-1011,Cerrar Ganado,2026-07-24 23:24:00,Elena Silva,16526,
OPP-1012,Crear Lead,2026-07-12 16:01:00,Ana Gomez,11303,
OPP-1012,Contactar Cliente,2026-07-13 12:31:00,Ana Gomez,11303,
OPP-1012,Calificar Lead,2026-07-14 22:31:00,Ana Gomez,11303,
OPP-1012,Agendar Demo,2026-07-15 22:31:00,Ana Gomez,11303,
OPP-1012,Realizar Demo,2026-07-17 22:31:00,Ana Gomez,11303,
OPP-1012,Enviar Propuesta,2026-07-19 22:31:00,Ana Gomez,11303,
OPP-1012,Negociación,2026-07-24 22:31:00,Elena Silva,11303,
OPP-1012,Enviar Propuesta,2026-07-27 22:31:00,Ana Gomez,10003,
OPP-1012,Negociación,2026-07-28 22:31:00,Carlos Mendoza,10003,
OPP-1012,Cerrar Ganado,2026-07-31 22:31:00,Carlos Mendoza,10003,
OPP-1013,Crear Lead,2026-07-11 04:10:00,Maria Rodriguez,32307,
OPP-1013,Contactar Cliente,2026-07-11 09:25:00,Maria Rodriguez,32307,
OPP-1013,Calificar Lead,2026-07-13 06:25:00,Maria Rodriguez,32307,
OPP-1013,Agendar Demo,2026-07-14 06:25:00,Maria Rodriguez,32307,
OPP-1013,Realizar Demo,2026-07-18 06:25:00,Maria Rodriguez,32307,
OPP-1013,Enviar Propuesta,2026-07-19 06:25:00,Maria Rodriguez,32307,
OPP-1013,Negociación,2026-07-20 06:25:00,Elena Silva,32307,
OPP-1013,Aprobación Legal,2026-07-22 06:25:00,Abog. Ruiz,32307,
OPP-1013,Cerrar Perdido,2026-07-25 06:25:00,Abog. Ruiz,32307,La calidad no le gusta al cliente
OPP-1014,Crear Lead,2026-07-12 19:10:00,Juan Martinez,43863,
OPP-1014,Contactar Cliente,2026-07-13 02:43:00,Juan Martinez,43863,
OPP-1014,Cerrar Perdido,2026-07-13 22:43:00,Juan Martinez,43863,La calidad no le gusta al cliente
OPP-1015,Crear Lead,2026-07-16 20:47:00,Maria Rodriguez,29916,
OPP-1015,Contactar Cliente,2026-07-17 19:21:00,Maria Rodriguez,29916,
OPP-1015,Cerrar Perdido,2026-07-18 18:21:00,Maria Rodriguez,29916,Percibe mal servicio de parte de empresa
OPP-1016,Crear Lead,2026-07-13 02:38:00,Ana Gomez,5876,
OPP-1016,Contactar Cliente,2026-07-13 19:01:00,Ana Gomez,5876,
OPP-1016,Cerrar Perdido,2026-07-15 11:01:00,Ana Gomez,5876,No tenemos el producto (sin existencias)
OPP-1017,Crear Lead,2026-07-11 21:45:00,Maria Rodriguez,7515,
OPP-1017,Contactar Cliente,2026-07-12 19:09:00,Maria Rodriguez,7515,
OPP-1017,Calificar Lead,2026-07-13 04:09:00,Maria Rodriguez,7515,
OPP-1017,Agendar Demo,2026-07-15 04:09:00,Maria Rodriguez,7515,
OPP-1017,Realizar Demo,2026-07-16 04:09:00,Maria Rodriguez,7515,
OPP-1017,Enviar Propuesta,2026-07-18 04:09:00,Maria Rodriguez,7515,
OPP-1017,Negociación,2026-07-22 04:09:00,Elena Silva,7515,
OPP-1017,Cerrar Perdido,2026-07-25 04:09:00,Elena Silva,7515,Sin presupuesto / Proyecto cancelado
OPP-1018,Crear Lead,2026-07-16 08:06:00,Juan Martinez,9236,
OPP-1018,Contactar Cliente,2026-07-16 20:40:00,Juan Martinez,9236,
OPP-1018,Calificar Lead,2026-07-17 16:40:00,Juan Martinez,9236,
OPP-1018,Enviar Propuesta,2026-07-18 16:40:00,Juan Martinez,9236,
OPP-1018,Negociación,2026-07-20 16:40:00,Elena Silva,9236,
OPP-1018,Cerrar Ganado,2026-07-23 16:40:00,Elena Silva,9236,
OPP-1019,Crear Lead,2026-07-07 23:16:00,Ana Gomez,47080,
OPP-1019,Contactar Cliente,2026-07-08 04:06:00,Ana Gomez,47080,
OPP-1019,Calificar Lead,2026-07-10 01:06:00,Ana Gomez,47080,
OPP-1019,Enviar Propuesta,2026-07-11 01:06:00,Ana Gomez,47080,
OPP-1019,Negociación,2026-07-12 01:06:00,Elena Silva,47080,
OPP-1019,Aprobación Legal,2026-07-13 01:06:00,Abog. Ruiz,47080,
OPP-1019,Cerrar Perdido,2026-07-16 01:06:00,Abog. Ruiz,47080,Precio muy alto
OPP-1020,Crear Lead,2026-07-03 04:32:00,Luis Perez,6026,
OPP-1020,Contactar Cliente,2026-07-03 07:20:00,Luis Perez,6026,
OPP-1020,Calificar Lead,2026-07-03 21:20:00,Luis Perez,6026,
OPP-1020,Agendar Demo,2026-07-05 21:20:00,Luis Perez,6026,
OPP-1020,Realizar Demo,2026-07-07 21:20:00,Luis Perez,6026,
OPP-1020,Enviar Propuesta,2026-07-08 21:20:00,Luis Perez,6026,
OPP-1020,Negociación,2026-07-09 21:20:00,Carlos Mendoza,6026,
OPP-1020,Cerrar Ganado,2026-07-13 21:20:00,Elena Silva,6026,
OPP-1021,Crear Lead,2026-07-11 21:40:00,Ana Gomez,3813,
OPP-1021,Contactar Cliente,2026-07-12 03:24:00,Ana Gomez,3813,
OPP-1021,Calificar Lead,2026-07-12 05:24:00,Ana Gomez,3813,
OPP-1021,Agendar Demo,2026-07-14 05:24:00,Ana Gomez,3813,
OPP-1021,Realizar Demo,2026-07-17 05:24:00,Ana Gomez,3813,
OPP-1021,Enviar Propuesta,2026-07-19 05:24:00,Ana Gomez,3813,
OPP-1021,Negociación,2026-07-22 05:24:00,Carlos Mendoza,3813,
OPP-1021,Cerrar Perdido,2026-07-25 05:24:00,Carlos Mendoza,3813,Sin presupuesto / Proyecto cancelado
OPP-1022,Crear Lead,2026-07-15 06:38:00,Luis Perez,27599,
OPP-1022,Contactar Cliente,2026-07-15 14:12:00,Luis Perez,27599,
OPP-1022,Calificar Lead,2026-07-16 14:12:00,Luis Perez,27599,
OPP-1022,Agendar Demo,2026-07-17 14:12:00,Luis Perez,27599,
OPP-1022,Realizar Demo,2026-07-20 14:12:00,Luis Perez,27599,
OPP-1022,Enviar Propuesta,2026-07-21 14:12:00,Luis Perez,27599,
OPP-1022,Negociación,2026-07-22 14:12:00,Carlos Mendoza,27599,
OPP-1022,Enviar Propuesta,2026-07-24 14:12:00,Luis Perez,26157,
OPP-1022,Negociación,2026-07-25 14:12:00,Carlos Mendoza,26157,
OPP-1022,Aprobación Legal,2026-07-26 14:12:00,Abog. Castro,26157,
OPP-1022,Cerrar Perdido,2026-07-27 14:12:00,Abog. Castro,26157,Precio muy alto
OPP-1023,Crear Lead,2026-07-16 21:23:00,Ana Gomez,25159,
OPP-1023,Contactar Cliente,2026-07-17 03:05:00,Ana Gomez,25159,
OPP-1023,Calificar Lead,2026-07-19 02:05:00,Ana Gomez,25159,
OPP-1023,Agendar Demo,2026-07-20 02:05:00,Ana Gomez,25159,
OPP-1023,Realizar Demo,2026-07-24 02:05:00,Ana Gomez,25159,
OPP-1023,Enviar Propuesta,2026-07-26 02:05:00,Ana Gomez,25159,
OPP-1023,Negociación,2026-07-29 02:05:00,Elena Silva,25159,
OPP-1023,Aprobación Legal,2026-08-01 02:05:00,Abog. Ruiz,25159,
OPP-1023,Cerrar Ganado,2026-08-03 02:05:00,Carlos Mendoza,25159,
OPP-1024,Crear Lead,2026-07-11 01:23:00,Luis Perez,37969,
OPP-1024,Contactar Cliente,2026-07-11 13:05:00,Luis Perez,37969,
OPP-1024,Calificar Lead,2026-07-12 19:05:00,Luis Perez,37969,
OPP-1024,Agendar Demo,2026-07-15 19:05:00,Luis Perez,37969,
OPP-1024,Realizar Demo,2026-07-17 19:05:00,Luis Perez,37969,
OPP-1024,Enviar Propuesta,2026-07-19 19:05:00,Luis Perez,37969,
OPP-1024,Negociación,2026-07-24 19:05:00,Carlos Mendoza,37969,
OPP-1024,Cerrar Perdido,2026-07-26 19:05:00,Carlos Mendoza,37969,Percibe mal servicio de parte de empresa
OPP-1025,Crear Lead,2026-07-03 15:54:00,Luis Perez,23121,
OPP-1025,Contactar Cliente,2026-07-04 12:43:00,Luis Perez,23121,
OPP-1025,Cerrar Perdido,2026-07-06 11:43:00,Luis Perez,23121,Percibe mal servicio de parte de empresa
OPP-1026,Crear Lead,2026-07-02 22:30:00,Ana Gomez,44148,
OPP-1026,Contactar Cliente,2026-07-03 22:14:00,Ana Gomez,44148,
OPP-1026,Cerrar Perdido,2026-07-05 03:14:00,Ana Gomez,44148,La calidad no le gusta al cliente
OPP-1027,Crear Lead,2026-07-10 05:13:00,Juan Martinez,24211,
OPP-1027,Contactar Cliente,2026-07-10 14:55:00,Juan Martinez,24211,
OPP-1027,Calificar Lead,2026-07-11 19:55:00,Juan Martinez,24211,
OPP-1027,Agendar Demo,2026-07-12 19:55:00,Juan Martinez,24211,
OPP-1027,Realizar Demo,2026-07-15 19:55:00,Juan Martinez,24211,
OPP-1027,Enviar Propuesta,2026-07-16 19:55:00,Juan Martinez,24211,
OPP-1027,Negociación,2026-07-19 19:55:00,Elena Silva,24211,
OPP-1027,Aprobación Legal,2026-07-22 19:55:00,Abog. Ruiz,24211,
OPP-1027,Cerrar Ganado,2026-07-25 19:55:00,Carlos Mendoza,24211,
OPP-1028,Crear Lead,2026-07-14 12:22:00,Ana Gomez,24300,
OPP-1028,Contactar Cliente,2026-07-14 23:51:00,Ana Gomez,24300,
OPP-1028,Calificar Lead,2026-07-16 23:51:00,Ana Gomez,24300,
OPP-1028,Agendar Demo,2026-07-18 23:51:00,Ana Gomez,24300,
OPP-1028,Realizar Demo,2026-07-22 23:51:00,Ana Gomez,24300,
OPP-1028,Enviar Propuesta,2026-07-24 23:51:00,Ana Gomez,24300,
OPP-1028,Negociación,2026-07-25 23:51:00,Elena Silva,24300,
OPP-1028,Aprobación Legal,2026-07-27 23:51:00,Abog. Ruiz,24300,
OPP-1028,Cerrar Ganado,2026-07-29 23:51:00,Carlos Mendoza,24300,
OPP-1029,Crear Lead,2026-07-04 01:06:00,Ana Gomez,36331,
OPP-1029,Contactar Cliente,2026-07-04 14:46:00,Ana Gomez,36331,
OPP-1029,Calificar Lead,2026-07-05 10:46:00,Ana Gomez,36331,
OPP-1029,Agendar Demo,2026-07-06 10:46:00,Ana Gomez,36331,
OPP-1029,Realizar Demo,2026-07-09 10:46:00,Ana Gomez,36331,
OPP-1029,Enviar Propuesta,2026-07-11 10:46:00,Ana Gomez,36331,
OPP-1029,Negociación,2026-07-15 10:46:00,Elena Silva,36331,
OPP-1029,Aprobación Legal,2026-07-19 10:46:00,Abog. Castro,36331,
OPP-1029,Cerrar Ganado,2026-07-21 10:46:00,Carlos Mendoza,36331,
OPP-1030,Crear Lead,2026-07-13 02:11:00,Ana Gomez,24863,
OPP-1030,Contactar Cliente,2026-07-13 07:41:00,Ana Gomez,24863,
OPP-1030,Calificar Lead,2026-07-14 06:41:00,Ana Gomez,24863,
OPP-1030,Enviar Propuesta,2026-07-15 06:41:00,Ana Gomez,24863,
OPP-1030,Negociación,2026-07-18 06:41:00,Carlos Mendoza,24863,
OPP-1030,Aprobación Legal,2026-07-19 06:41:00,Abog. Ruiz,24863,
OPP-1030,Cerrar Perdido,2026-07-22 06:41:00,Abog. Ruiz,24863,Percibe mal servicio de parte de empresa
OPP-1031,Crear Lead,2026-07-03 17:44:00,Maria Rodriguez,19887,
OPP-1031,Contactar Cliente,2026-07-04 17:31:00,Maria Rodriguez,19887,
OPP-1031,Cerrar Perdido,2026-07-06 01:31:00,Maria Rodriguez,19887,No tiene credito con la empresa
OPP-1032,Crear Lead,2026-07-08 04:33:00,Ana Gomez,24871,
OPP-1032,Contactar Cliente,2026-07-08 22:52:00,Ana Gomez,24871,
OPP-1032,Calificar Lead,2026-07-10 02:52:00,Ana Gomez,24871,
OPP-1032,Enviar Propuesta,2026-07-13 02:52:00,Ana Gomez,24871,
OPP-1032,Negociación,2026-07-18 02:52:00,Carlos Mendoza,24871,
OPP-1032,Aprobación Legal,2026-07-20 02:52:00,Abog. Castro,24871,
OPP-1032,Cerrar Perdido,2026-07-21 02:52:00,Abog. Castro,24871,La calidad no le gusta al cliente
OPP-1033,Crear Lead,2026-07-09 14:36:00,Ana Gomez,13503,
OPP-1033,Contactar Cliente,2026-07-10 03:54:00,Ana Gomez,13503,
OPP-1033,Calificar Lead,2026-07-11 12:54:00,Ana Gomez,13503,
OPP-1033,Agendar Demo,2026-07-12 12:54:00,Ana Gomez,13503,
OPP-1033,Realizar Demo,2026-07-15 12:54:00,Ana Gomez,13503,
OPP-1033,Enviar Propuesta,2026-07-16 12:54:00,Ana Gomez,13503,
OPP-1033,Negociación,2026-07-21 12:54:00,Elena Silva,13503,
OPP-1033,Enviar Propuesta,2026-07-24 12:54:00,Ana Gomez,12207,
OPP-1033,Negociación,2026-07-25 12:54:00,Elena Silva,12207,
OPP-1033,Cerrar Ganado,2026-07-28 12:54:00,Carlos Mendoza,12207,
OPP-1034,Crear Lead,2026-07-01 20:35:00,Luis Perez,21019,
OPP-1034,Contactar Cliente,2026-07-02 10:21:00,Luis Perez,21019,
OPP-1034,Cerrar Perdido,2026-07-03 19:21:00,Luis Perez,21019,Percibe mal servicio de parte de empresa
OPP-1035,Crear Lead,2026-07-04 11:12:00,Luis Perez,18861,
OPP-1035,Contactar Cliente,2026-07-04 20:51:00,Luis Perez,18861,
OPP-1035,Calificar Lead,2026-07-05 03:51:00,Luis Perez,18861,
OPP-1035,Agendar Demo,2026-07-08 03:51:00,Luis Perez,18861,
OPP-1035,Realizar Demo,2026-07-12 03:51:00,Luis Perez,18861,
OPP-1035,Enviar Propuesta,2026-07-13 03:51:00,Luis Perez,18861,
OPP-1035,Negociación,2026-07-16 03:51:00,Elena Silva,18861,
OPP-1035,Enviar Propuesta,2026-07-18 03:51:00,Luis Perez,16832,
OPP-1035,Negociación,2026-07-21 03:51:00,Carlos Mendoza,16832,
OPP-1035,Aprobación Legal,2026-07-24 03:51:00,Abog. Castro,16832,
OPP-1035,Cerrar Perdido,2026-07-25 03:51:00,Abog. Castro,16832,La calidad no le gusta al cliente
OPP-1036,Crear Lead,2026-07-09 13:59:00,Maria Rodriguez,49933,
OPP-1036,Contactar Cliente,2026-07-10 01:10:00,Maria Rodriguez,49933,
OPP-1036,Calificar Lead,2026-07-10 21:10:00,Maria Rodriguez,49933,
OPP-1036,Enviar Propuesta,2026-07-13 21:10:00,Maria Rodriguez,49933,
OPP-1036,Negociación,2026-07-17 21:10:00,Carlos Mendoza,49933,
OPP-1036,Aprobación Legal,2026-07-18 21:10:00,Abog. Ruiz,49933,
OPP-1036,Cerrar Perdido,2026-07-20 21:10:00,Abog. Ruiz,49933,La calidad no le gusta al cliente
OPP-1037,Crear Lead,2026-07-04 16:28:00,Ana Gomez,33267,
OPP-1037,Contactar Cliente,2026-07-05 02:00:00,Ana Gomez,33267,
OPP-1037,Calificar Lead,2026-07-06 19:00:00,Ana Gomez,33267,
OPP-1037,Agendar Demo,2026-07-07 19:00:00,Ana Gomez,33267,
OPP-1037,Realizar Demo,2026-07-08 19:00:00,Ana Gomez,33267,
OPP-1037,Enviar Propuesta,2026-07-09 19:00:00,Ana Gomez,33267,
OPP-1037,Negociación,2026-07-11 19:00:00,Elena Silva,33267,
OPP-1037,Enviar Propuesta,2026-07-15 19:00:00,Ana Gomez,28528,
OPP-1037,Negociación,2026-07-17 19:00:00,Carlos Mendoza,28528,
OPP-1037,Aprobación Legal,2026-07-19 19:00:00,Abog. Castro,28528,
OPP-1037,Cerrar Ganado,2026-07-20 19:00:00,Elena Silva,28528,
OPP-1038,Crear Lead,2026-07-05 03:19:00,Juan Martinez,37163,
OPP-1038,Contactar Cliente,2026-07-05 04:35:00,Juan Martinez,37163,
OPP-1038,Calificar Lead,2026-07-06 23:35:00,Juan Martinez,37163,
OPP-1038,Agendar Demo,2026-07-09 23:35:00,Juan Martinez,37163,
OPP-1038,Realizar Demo,2026-07-10 23:35:00,Juan Martinez,37163,
OPP-1038,Enviar Propuesta,2026-07-12 23:35:00,Juan Martinez,37163,
OPP-1038,Negociación,2026-07-14 23:35:00,Elena Silva,37163,
OPP-1038,Aprobación Legal,2026-07-17 23:35:00,Abog. Castro,37163,
OPP-1038,Cerrar Ganado,2026-07-18 23:35:00,Elena Silva,37163,
OPP-1039,Crear Lead,2026-07-03 13:37:00,Maria Rodriguez,8066,
OPP-1039,Contactar Cliente,2026-07-03 16:25:00,Maria Rodriguez,8066,
OPP-1039,Calificar Lead,2026-07-04 21:25:00,Maria Rodriguez,8066,
OPP-1039,Enviar Propuesta,2026-07-07 21:25:00,Maria Rodriguez,8066,
OPP-1039,Negociación,2026-07-11 21:25:00,Carlos Mendoza,8066,
OPP-1039,Cerrar Ganado,2026-07-14 21:25:00,Elena Silva,8066,
OPP-1040,Crear Lead,2026-07-09 10:15:00,Maria Rodriguez,38981,
OPP-1040,Contactar Cliente,2026-07-10 05:54:00,Maria Rodriguez,38981,
OPP-1040,Calificar Lead,2026-07-12 02:54:00,Maria Rodriguez,38981,
OPP-1040,Agendar Demo,2026-07-13 02:54:00,Maria Rodriguez,38981,
OPP-1040,Realizar Demo,2026-07-15 02:54:00,Maria Rodriguez,38981,
OPP-1040,Enviar Propuesta,2026-07-16 02:54:00,Maria Rodriguez,38981,
OPP-1040,Negociación,2026-07-19 02:54:00,Carlos Mendoza,38981,
OPP-1040,Aprobación Legal,2026-07-20 02:54:00,Abog. Castro,38981,
OPP-1040,Cerrar Ganado,2026-07-23 02:54:00,Carlos Mendoza,38981,
OPP-1041,Crear Lead,2026-07-06 06:18:00,Juan Martinez,8743,
OPP-1041,Contactar Cliente,2026-07-06 07:45:00,Juan Martinez,8743,
OPP-1041,Calificar Lead,2026-07-08 05:45:00,Juan Martinez,8743,
OPP-1041,Agendar Demo,2026-07-09 05:45:00,Juan Martinez,8743,
OPP-1041,Realizar Demo,2026-07-12 05:45:00,Juan Martinez,8743,
OPP-1041,Enviar Propuesta,2026-07-14 05:45:00,Juan Martinez,8743,
OPP-1041,Negociación,2026-07-18 05:45:00,Carlos Mendoza,8743,
OPP-1041,Cerrar Ganado,2026-07-22 05:45:00,Carlos Mendoza,8743,
OPP-1042,Crear Lead,2026-07-02 05:03:00,Luis Perez,1883,
OPP-1042,Contactar Cliente,2026-07-02 20:49:00,Luis Perez,1883,
OPP-1042,Calificar Lead,2026-07-04 07:49:00,Luis Perez,1883,
OPP-1042,Agendar Demo,2026-07-07 07:49:00,Luis Perez,1883,
OPP-1042,Realizar Demo,2026-07-09 07:49:00,Luis Perez,1883,
OPP-1042,Enviar Propuesta,2026-07-10 07:49:00,Luis Perez,1883,
OPP-1042,Negociación,2026-07-15 07:49:00,Elena Silva,1883,
OPP-1042,Cerrar Perdido,2026-07-19 07:49:00,Elena Silva,1883,No tiene credito con la empresa
OPP-1043,Crear Lead,2026-07-02 12:18:00,Juan Martinez,16516,
OPP-1043,Contactar Cliente,2026-07-02 16:57:00,Juan Martinez,16516,
OPP-1043,Calificar Lead,2026-07-03 04:57:00,Juan Martinez,16516,
OPP-1043,Agendar Demo,2026-07-06 04:57:00,Juan Martinez,16516,
OPP-1043,Realizar Demo,2026-07-09 04:57:00,Juan Martinez,16516,
OPP-1043,Enviar Propuesta,2026-07-10 04:57:00,Juan Martinez,16516,
OPP-1043,Negociación,2026-07-14 04:57:00,Elena Silva,16516,
OPP-1043,Aprobación Legal,2026-07-15 04:57:00,Abog. Castro,16516,
OPP-1043,Cerrar Perdido,2026-07-17 04:57:00,Abog. Castro,16516,No tiene credito con la empresa
OPP-1044,Crear Lead,2026-07-01 17:17:00,Ana Gomez,37289,
OPP-1044,Contactar Cliente,2026-07-02 03:06:00,Ana Gomez,37289,
OPP-1044,Calificar Lead,2026-07-03 12:06:00,Ana Gomez,37289,
OPP-1044,Agendar Demo,2026-07-04 12:06:00,Ana Gomez,37289,
OPP-1044,Realizar Demo,2026-07-05 12:06:00,Ana Gomez,37289,
OPP-1044,Enviar Propuesta,2026-07-06 12:06:00,Ana Gomez,37289,
OPP-1044,Negociación,2026-07-11 12:06:00,Carlos Mendoza,37289,
OPP-1044,Aprobación Legal,2026-07-13 12:06:00,Abog. Castro,37289,
OPP-1044,Cerrar Ganado,2026-07-14 12:06:00,Elena Silva,37289,
OPP-1045,Crear Lead,2026-07-12 05:55:00,Juan Martinez,33492,
OPP-1045,Contactar Cliente,2026-07-13 06:40:00,Juan Martinez,33492,
OPP-1045,Calificar Lead,2026-07-13 10:40:00,Juan Martinez,33492,
OPP-1045,Agendar Demo,2026-07-16 10:40:00,Juan Martinez,33492,
OPP-1045,Realizar Demo,2026-07-18 10:40:00,Juan Martinez,33492,
OPP-1045,Enviar Propuesta,2026-07-19 10:40:00,Juan Martinez,33492,
OPP-1045,Negociación,2026-07-23 10:40:00,Elena Silva,33492,
OPP-1045,Enviar Propuesta,2026-07-25 10:40:00,Juan Martinez,29334,
OPP-1045,Negociación,2026-07-28 10:40:00,Elena Silva,29334,
OPP-1045,Aprobación Legal,2026-08-01 10:40:00,Abog. Castro,29334,
OPP-1045,Cerrar Ganado,2026-08-02 10:40:00,Elena Silva,29334,
OPP-1046,Crear Lead,2026-07-13 18:53:00,Luis Perez,26700,
OPP-1046,Contactar Cliente,2026-07-14 00:13:00,Luis Perez,26700,
OPP-1046,Calificar Lead,2026-07-14 12:13:00,Luis Perez,26700,
OPP-1046,Agendar Demo,2026-07-15 12:13:00,Luis Perez,26700,
OPP-1046,Realizar Demo,2026-07-18 12:13:00,Luis Perez,26700,
OPP-1046,Enviar Propuesta,2026-07-19 12:13:00,Luis Perez,26700,
OPP-1046,Negociación,2026-07-20 12:13:00,Carlos Mendoza,26700,
OPP-1046,Cerrar Ganado,2026-07-22 12:13:00,Carlos Mendoza,26700,
OPP-1047,Crear Lead,2026-07-09 17:17:00,Luis Perez,23394,
OPP-1047,Contactar Cliente,2026-07-10 09:40:00,Luis Perez,23394,
OPP-1047,Calificar Lead,2026-07-10 21:40:00,Luis Perez,23394,
OPP-1047,Enviar Propuesta,2026-07-11 21:40:00,Luis Perez,23394,
OPP-1047,Negociación,2026-07-13 21:40:00,Elena Silva,23394,
OPP-1047,Aprobación Legal,2026-07-17 21:40:00,Abog. Ruiz,23394,
OPP-1047,Cerrar Ganado,2026-07-18 21:40:00,Elena Silva,23394,
OPP-1048,Crear Lead,2026-07-02 08:10:00,Ana Gomez,2183,
OPP-1048,Contactar Cliente,2026-07-03 01:34:00,Ana Gomez,2183,
OPP-1048,Calificar Lead,2026-07-03 09:34:00,Ana Gomez,2183,
OPP-1048,Agendar Demo,2026-07-06 09:34:00,Ana Gomez,2183,
OPP-1048,Realizar Demo,2026-07-07 09:34:00,Ana Gomez,2183,
OPP-1048,Enviar Propuesta,2026-07-09 09:34:00,Ana Gomez,2183,
OPP-1048,Negociación,2026-07-12 09:34:00,Carlos Mendoza,2183,
OPP-1048,Cerrar Perdido,2026-07-14 09:34:00,Carlos Mendoza,2183,No tenemos el producto (sin existencias)
OPP-1049,Crear Lead,2026-07-14 08:22:00,Luis Perez,43991,
OPP-1049,Contactar Cliente,2026-07-14 15:52:00,Luis Perez,43991,
OPP-1049,Calificar Lead,2026-07-14 19:52:00,Luis Perez,43991,
OPP-1049,Agendar Demo,2026-07-16 19:52:00,Luis Perez,43991,
OPP-1049,Realizar Demo,2026-07-19 19:52:00,Luis Perez,43991,
OPP-1049,Enviar Propuesta,2026-07-21 19:52:00,Luis Perez,43991,
OPP-1049,Negociación,2026-07-22 19:52:00,Carlos Mendoza,43991,
OPP-1049,Enviar Propuesta,2026-07-25 19:52:00,Luis Perez,38301,
OPP-1049,Negociación,2026-07-28 19:52:00,Carlos Mendoza,38301,
OPP-1049,Aprobación Legal,2026-07-30 19:52:00,Abog. Castro,38301,
OPP-1049,Cerrar Perdido,2026-07-31 19:52:00,Abog. Castro,38301,La calidad no le gusta al cliente
OPP-1050,Crear Lead,2026-07-03 21:29:00,Maria Rodriguez,12942,
OPP-1050,Contactar Cliente,2026-07-04 13:43:00,Maria Rodriguez,12942,
OPP-1050,Cerrar Perdido,2026-07-05 04:43:00,Maria Rodriguez,12942,La calidad no le gusta al cliente
OPP-1051,Crear Lead,2026-07-05 17:32:00,Maria Rodriguez,25004,
OPP-1051,Contactar Cliente,2026-07-06 14:18:00,Maria Rodriguez,25004,
OPP-1051,Calificar Lead,2026-07-06 16:18:00,Maria Rodriguez,25004,
OPP-1051,Agendar Demo,2026-07-09 16:18:00,Maria Rodriguez,25004,
OPP-1051,Realizar Demo,2026-07-12 16:18:00,Maria Rodriguez,25004,
OPP-1051,Enviar Propuesta,2026-07-13 16:18:00,Maria Rodriguez,25004,
OPP-1051,Negociación,2026-07-16 16:18:00,Carlos Mendoza,25004,
OPP-1051,Enviar Propuesta,2026-07-19 16:18:00,Maria Rodriguez,21716,
OPP-1051,Negociación,2026-07-21 16:18:00,Carlos Mendoza,21716,
OPP-1051,Aprobación Legal,2026-07-24 16:18:00,Abog. Castro,21716,
OPP-1051,Cerrar Ganado,2026-07-27 16:18:00,Carlos Mendoza,21716,
OPP-1052,Crear Lead,2026-07-13 10:27:00,Luis Perez,16183,
OPP-1052,Contactar Cliente,2026-07-13 20:54:00,Luis Perez,16183,
OPP-1052,Calificar Lead,2026-07-14 08:54:00,Luis Perez,16183,
OPP-1052,Agendar Demo,2026-07-17 08:54:00,Luis Perez,16183,
OPP-1052,Realizar Demo,2026-07-20 08:54:00,Luis Perez,16183,
OPP-1052,Enviar Propuesta,2026-07-21 08:54:00,Luis Perez,16183,
OPP-1052,Negociación,2026-07-23 08:54:00,Elena Silva,16183,
OPP-1052,Aprobación Legal,2026-07-27 08:54:00,Abog. Castro,16183,
OPP-1052,Cerrar Ganado,2026-07-28 08:54:00,Carlos Mendoza,16183,
OPP-1053,Crear Lead,2026-07-04 11:49:00,Luis Perez,34503,
OPP-1053,Contactar Cliente,2026-07-04 19:17:00,Luis Perez,34503,
OPP-1053,Calificar Lead,2026-07-05 08:17:00,Luis Perez,34503,
OPP-1053,Agendar Demo,2026-07-08 08:17:00,Luis Perez,34503,
OPP-1053,Realizar Demo,2026-07-12 08:17:00,Luis Perez,34503,
OPP-1053,Enviar Propuesta,2026-07-14 08:17:00,Luis Perez,34503,
OPP-1053,Negociación,2026-07-19 08:17:00,Elena Silva,34503,
OPP-1053,Aprobación Legal,2026-07-21 08:17:00,Abog. Ruiz,34503,
OPP-1053,Cerrar Perdido,2026-07-24 08:17:00,Abog. Ruiz,34503,La calidad no le gusta al cliente
OPP-1054,Crear Lead,2026-07-01 12:22:00,Luis Perez,19413,
OPP-1054,Contactar Cliente,2026-07-02 01:59:00,Luis Perez,19413,
OPP-1054,Calificar Lead,2026-07-03 01:59:00,Luis Perez,19413,
OPP-1054,Agendar Demo,2026-07-05 01:59:00,Luis Perez,19413,
OPP-1054,Realizar Demo,2026-07-09 01:59:00,Luis Perez,19413,
OPP-1054,Enviar Propuesta,2026-07-11 01:59:00,Luis Perez,19413,
OPP-1054,Negociación,2026-07-13 01:59:00,Carlos Mendoza,19413,
OPP-1054,Enviar Propuesta,2026-07-16 01:59:00,Luis Perez,17203,
OPP-1054,Negociación,2026-07-17 01:59:00,Elena Silva,17203,
OPP-1054,Cerrar Perdido,2026-07-19 01:59:00,Elena Silva,17203,Sin presupuesto / Proyecto cancelado
OPP-1055,Crear Lead,2026-07-05 05:45:00,Juan Martinez,29881,
OPP-1055,Contactar Cliente,2026-07-06 05:02:00,Juan Martinez,29881,
OPP-1055,Calificar Lead,2026-07-06 08:02:00,Juan Martinez,29881,
OPP-1055,Agendar Demo,2026-07-08 08:02:00,Juan Martinez,29881,
OPP-1055,Realizar Demo,2026-07-12 08:02:00,Juan Martinez,29881,
OPP-1055,Enviar Propuesta,2026-07-13 08:02:00,Juan Martinez,29881,
OPP-1055,Negociación,2026-07-18 08:02:00,Elena Silva,29881,
OPP-1055,Cerrar Ganado,2026-07-19 08:02:00,Carlos Mendoza,29881,
OPP-1056,Crear Lead,2026-07-11 19:13:00,Juan Martinez,45321,
OPP-1056,Contactar Cliente,2026-07-12 12:01:00,Juan Martinez,45321,
OPP-1056,Calificar Lead,2026-07-13 20:01:00,Juan Martinez,45321,
OPP-1056,Enviar Propuesta,2026-07-14 20:01:00,Juan Martinez,45321,
OPP-1056,Negociación,2026-07-15 20:01:00,Elena Silva,45321,
OPP-1056,Aprobación Legal,2026-07-17 20:01:00,Abog. Ruiz,45321,
OPP-1056,Cerrar Ganado,2026-07-18 20:01:00,Carlos Mendoza,45321,
OPP-1057,Crear Lead,2026-07-04 14:23:00,Juan Martinez,25095,
OPP-1057,Contactar Cliente,2026-07-04 22:11:00,Juan Martinez,25095,
OPP-1057,Calificar Lead,2026-07-06 09:11:00,Juan Martinez,25095,
OPP-1057,Agendar Demo,2026-07-08 09:11:00,Juan Martinez,25095,
OPP-1057,Realizar Demo,2026-07-12 09:11:00,Juan Martinez,25095,
OPP-1057,Enviar Propuesta,2026-07-14 09:11:00,Juan Martinez,25095,
OPP-1057,Negociación,2026-07-19 09:11:00,Carlos Mendoza,25095,
OPP-1057,Cerrar Ganado,2026-07-22 09:11:00,Elena Silva,25095,
OPP-1058,Crear Lead,2026-07-02 21:14:00,Ana Gomez,34388,
OPP-1058,Contactar Cliente,2026-07-03 14:53:00,Ana Gomez,34388,
OPP-1058,Cerrar Perdido,2026-07-04 05:53:00,Ana Gomez,34388,No tiene credito con la empresa
OPP-1059,Crear Lead,2026-07-05 14:31:00,Maria Rodriguez,5302,
OPP-1059,Contactar Cliente,2026-07-05 16:11:00,Maria Rodriguez,5302,
OPP-1059,Calificar Lead,2026-07-07 16:11:00,Maria Rodriguez,5302,
OPP-1059,Agendar Demo,2026-07-09 16:11:00,Maria Rodriguez,5302,
OPP-1059,Realizar Demo,2026-07-12 16:11:00,Maria Rodriguez,5302,
OPP-1059,Enviar Propuesta,2026-07-14 16:11:00,Maria Rodriguez,5302,
OPP-1059,Negociación,2026-07-18 16:11:00,Carlos Mendoza,5302,
OPP-1059,Enviar Propuesta,2026-07-23 16:11:00,Maria Rodriguez,4533,
OPP-1059,Negociación,2026-07-24 16:11:00,Carlos Mendoza,4533,
OPP-1059,Cerrar Ganado,2026-07-27 16:11:00,Carlos Mendoza,4533,
OPP-1060,Crear Lead,2026-07-15 21:54:00,Ana Gomez,16457,
OPP-1060,Contactar Cliente,2026-07-16 17:09:00,Ana Gomez,16457,
OPP-1060,Calificar Lead,2026-07-17 07:09:00,Ana Gomez,16457,
OPP-1060,Agendar Demo,2026-07-20 07:09:00,Ana Gomez,16457,
OPP-1060,Realizar Demo,2026-07-23 07:09:00,Ana Gomez,16457,
OPP-1060,Enviar Propuesta,2026-07-24 07:09:00,Ana Gomez,16457,
OPP-1060,Negociación,2026-07-25 07:09:00,Elena Silva,16457,
OPP-1060,Aprobación Legal,2026-07-26 07:09:00,Abog. Castro,16457,
OPP-1060,Cerrar Ganado,2026-07-28 07:09:00,Carlos Mendoza,16457,
OPP-1061,Crear Lead,2026-07-12 14:43:00,Luis Perez,18461,
OPP-1061,Contactar Cliente,2026-07-13 04:59:00,Luis Perez,18461,
OPP-1061,Cerrar Perdido,2026-07-14 07:59:00,Luis Perez,18461,No tiene credito con la empresa
OPP-1062,Crear Lead,2026-07-07 11:18:00,Juan Martinez,15194,
OPP-1062,Contactar Cliente,2026-07-07 17:08:00,Juan Martinez,15194,
OPP-1062,Cerrar Perdido,2026-07-09 13:08:00,Juan Martinez,15194,La calidad no le gusta al cliente
OPP-1063,Crear Lead,2026-07-06 13:35:00,Maria Rodriguez,3836,
OPP-1063,Contactar Cliente,2026-07-07 06:14:00,Maria Rodriguez,3836,
OPP-1063,Calificar Lead,2026-07-09 01:14:00,Maria Rodriguez,3836,
OPP-1063,Agendar Demo,2026-07-12 01:14:00,Maria Rodriguez,3836,
OPP-1063,Realizar Demo,2026-07-15 01:14:00,Maria Rodriguez,3836,
OPP-1063,Enviar Propuesta,2026-07-16 01:14:00,Maria Rodriguez,3836,
OPP-1063,Negociación,2026-07-18 01:14:00,Elena Silva,3836,
OPP-1063,Cerrar Ganado,2026-07-20 01:14:00,Elena Silva,3836,
OPP-1064,Crear Lead,2026-07-05 18:22:00,Maria Rodriguez,17370,
OPP-1064,Contactar Cliente,2026-07-06 14:51:00,Maria Rodriguez,17370,
OPP-1064,Calificar Lead,2026-07-07 08:51:00,Maria Rodriguez,17370,
OPP-1064,Enviar Propuesta,2026-07-10 08:51:00,Maria Rodriguez,17370,
OPP-1064,Negociación,2026-07-12 08:51:00,Carlos Mendoza,17370,
OPP-1064,Cerrar Perdido,2026-07-14 08:51:00,Carlos Mendoza,17370,La calidad no le gusta al cliente
OPP-1065,Crear Lead,2026-07-16 04:51:00,Juan Martinez,32172,
OPP-1065,Contactar Cliente,2026-07-16 21:30:00,Juan Martinez,32172,
OPP-1065,Calificar Lead,2026-07-18 19:30:00,Juan Martinez,32172,
OPP-1065,Enviar Propuesta,2026-07-19 19:30:00,Juan Martinez,32172,
OPP-1065,Negociación,2026-07-23 19:30:00,Carlos Mendoza,32172,
OPP-1065,Enviar Propuesta,2026-07-28 19:30:00,Juan Martinez,28171,
OPP-1065,Negociación,2026-07-30 19:30:00,Elena Silva,28171,
OPP-1065,Cerrar Perdido,2026-07-31 19:30:00,Elena Silva,28171,No tenemos el producto (sin existencias)
OPP-1066,Crear Lead,2026-07-17 04:11:00,Ana Gomez,48330,
OPP-1066,Contactar Cliente,2026-07-18 02:55:00,Ana Gomez,48330,
OPP-1066,Calificar Lead,2026-07-18 15:55:00,Ana Gomez,48330,
OPP-1066,Enviar Propuesta,2026-07-19 15:55:00,Ana Gomez,48330,
OPP-1066,Negociación,2026-07-24 15:55:00,Elena Silva,48330,
OPP-1066,Enviar Propuesta,2026-07-26 15:55:00,Ana Gomez,41166,
OPP-1066,Negociación,2026-07-29 15:55:00,Elena Silva,41166,
OPP-1066,Aprobación Legal,2026-08-02 15:55:00,Abog. Castro,41166,
OPP-1066,Cerrar Ganado,2026-08-05 15:55:00,Carlos Mendoza,41166,
OPP-1067,Crear Lead,2026-07-08 17:17:00,Juan Martinez,4486,
OPP-1067,Contactar Cliente,2026-07-09 16:55:00,Juan Martinez,4486,
OPP-1067,Calificar Lead,2026-07-09 22:55:00,Juan Martinez,4486,
OPP-1067,Agendar Demo,2026-07-10 22:55:00,Juan Martinez,4486,
OPP-1067,Realizar Demo,2026-07-13 22:55:00,Juan Martinez,4486,
OPP-1067,Enviar Propuesta,2026-07-14 22:55:00,Juan Martinez,4486,
OPP-1067,Negociación,2026-07-19 22:55:00,Elena Silva,4486,
OPP-1067,Cerrar Perdido,2026-07-20 22:55:00,Elena Silva,4486,La calidad no le gusta al cliente
OPP-1068,Crear Lead,2026-07-05 19:47:00,Luis Perez,24196,
OPP-1068,Contactar Cliente,2026-07-06 06:09:00,Luis Perez,24196,
OPP-1068,Calificar Lead,2026-07-06 18:09:00,Luis Perez,24196,
OPP-1068,Enviar Propuesta,2026-07-09 18:09:00,Luis Perez,24196,
OPP-1068,Negociación,2026-07-10 18:09:00,Carlos Mendoza,24196,
OPP-1068,Aprobación Legal,2026-07-12 18:09:00,Abog. Ruiz,24196,
OPP-1068,Cerrar Perdido,2026-07-13 18:09:00,Abog. Ruiz,24196,No tenemos el producto (sin existencias)
OPP-1069,Crear Lead,2026-07-08 19:15:00,Luis Perez,34137,
OPP-1069,Contactar Cliente,2026-07-09 00:56:00,Luis Perez,34137,
OPP-1069,Cerrar Perdido,2026-07-09 23:56:00,Luis Perez,34137,Sin presupuesto / Proyecto cancelado
OPP-1070,Crear Lead,2026-07-14 20:26:00,Ana Gomez,46286,
OPP-1070,Contactar Cliente,2026-07-15 00:05:00,Ana Gomez,46286,
OPP-1070,Calificar Lead,2026-07-16 01:05:00,Ana Gomez,46286,
OPP-1070,Enviar Propuesta,2026-07-19 01:05:00,Ana Gomez,46286,
OPP-1070,Negociación,2026-07-20 01:05:00,Elena Silva,46286,
OPP-1070,Aprobación Legal,2026-07-23 01:05:00,Abog. Ruiz,46286,
OPP-1070,Cerrar Ganado,2026-07-25 01:05:00,Elena Silva,46286,
OPP-1071,Crear Lead,2026-07-10 11:50:00,Ana Gomez,15439,
OPP-1071,Contactar Cliente,2026-07-11 06:17:00,Ana Gomez,15439,
OPP-1071,Calificar Lead,2026-07-12 15:17:00,Ana Gomez,15439,
OPP-1071,Agendar Demo,2026-07-13 15:17:00,Ana Gomez,15439,
OPP-1071,Realizar Demo,2026-07-14 15:17:00,Ana Gomez,15439,
OPP-1071,Enviar Propuesta,2026-07-16 15:17:00,Ana Gomez,15439,
OPP-1071,Negociación,2026-07-18 15:17:00,Elena Silva,15439,
OPP-1071,Cerrar Ganado,2026-07-19 15:17:00,Elena Silva,15439,
OPP-1072,Crear Lead,2026-07-09 07:26:00,Ana Gomez,38913,
OPP-1072,Contactar Cliente,2026-07-09 21:37:00,Ana Gomez,38913,
OPP-1072,Calificar Lead,2026-07-10 19:37:00,Ana Gomez,38913,
OPP-1072,Enviar Propuesta,2026-07-12 19:37:00,Ana Gomez,38913,
OPP-1072,Negociación,2026-07-15 19:37:00,Elena Silva,38913,
OPP-1072,Enviar Propuesta,2026-07-17 19:37:00,Ana Gomez,34945,
OPP-1072,Negociación,2026-07-20 19:37:00,Carlos Mendoza,34945,
OPP-1072,Aprobación Legal,2026-07-23 19:37:00,Abog. Castro,34945,
OPP-1072,Cerrar Perdido,2026-07-24 19:37:00,Abog. Castro,34945,No tiene credito con la empresa
OPP-1073,Crear Lead,2026-07-14 21:48:00,Maria Rodriguez,35637,
OPP-1073,Contactar Cliente,2026-07-15 01:10:00,Maria Rodriguez,35637,
OPP-1073,Calificar Lead,2026-07-16 14:10:00,Maria Rodriguez,35637,
OPP-1073,Agendar Demo,2026-07-18 14:10:00,Maria Rodriguez,35637,
OPP-1073,Realizar Demo,2026-07-19 14:10:00,Maria Rodriguez,35637,
OPP-1073,Enviar Propuesta,2026-07-20 14:10:00,Maria Rodriguez,35637,
OPP-1073,Negociación,2026-07-25 14:10:00,Elena Silva,35637,
OPP-1073,Aprobación Legal,2026-07-28 14:10:00,Abog. Ruiz,35637,
OPP-1073,Cerrar Ganado,2026-07-31 14:10:00,Carlos Mendoza,35637,
OPP-1074,Crear Lead,2026-07-08 20:52:00,Maria Rodriguez,4351,
OPP-1074,Contactar Cliente,2026-07-09 11:07:00,Maria Rodriguez,4351,
OPP-1074,Calificar Lead,2026-07-10 20:07:00,Maria Rodriguez,4351,
OPP-1074,Agendar Demo,2026-07-12 20:07:00,Maria Rodriguez,4351,
OPP-1074,Realizar Demo,2026-07-14 20:07:00,Maria Rodriguez,4351,
OPP-1074,Enviar Propuesta,2026-07-15 20:07:00,Maria Rodriguez,4351,
OPP-1074,Negociación,2026-07-19 20:07:00,Elena Silva,4351,
OPP-1074,Cerrar Ganado,2026-07-21 20:07:00,Elena Silva,4351,
OPP-1075,Crear Lead,2026-07-13 20:32:00,Ana Gomez,40830,
OPP-1075,Contactar Cliente,2026-07-14 20:45:00,Ana Gomez,40830,
OPP-1075,Cerrar Perdido,2026-07-15 20:45:00,Ana Gomez,40830,Percibe mal servicio de parte de empresa
OPP-1076,Crear Lead,2026-07-08 08:02:00,Juan Martinez,37003,
OPP-1076,Contactar Cliente,2026-07-08 18:45:00,Juan Martinez,37003,
OPP-1076,Calificar Lead,2026-07-09 23:45:00,Juan Martinez,37003,
OPP-1076,Agendar Demo,2026-07-12 23:45:00,Juan Martinez,37003,
OPP-1076,Realizar Demo,2026-07-14 23:45:00,Juan Martinez,37003,
OPP-1076,Enviar Propuesta,2026-07-16 23:45:00,Juan Martinez,37003,
OPP-1076,Negociación,2026-07-21 23:45:00,Carlos Mendoza,37003,
OPP-1076,Aprobación Legal,2026-07-25 23:45:00,Abog. Ruiz,37003,
OPP-1076,Cerrar Ganado,2026-07-28 23:45:00,Carlos Mendoza,37003,
OPP-1077,Crear Lead,2026-07-06 06:18:00,Juan Martinez,4598,
OPP-1077,Contactar Cliente,2026-07-06 22:51:00,Juan Martinez,4598,
OPP-1077,Calificar Lead,2026-07-07 00:51:00,Juan Martinez,4598,
OPP-1077,Agendar Demo,2026-07-08 00:51:00,Juan Martinez,4598,
OPP-1077,Realizar Demo,2026-07-11 00:51:00,Juan Martinez,4598,
OPP-1077,Enviar Propuesta,2026-07-12 00:51:00,Juan Martinez,4598,
OPP-1077,Negociación,2026-07-13 00:51:00,Carlos Mendoza,4598,
OPP-1077,Cerrar Perdido,2026-07-14 00:51:00,Carlos Mendoza,4598,La calidad no le gusta al cliente
OPP-1078,Crear Lead,2026-07-12 04:24:00,Luis Perez,42037,
OPP-1078,Contactar Cliente,2026-07-12 07:13:00,Luis Perez,42037,
OPP-1078,Cerrar Perdido,2026-07-13 01:13:00,Luis Perez,42037,La calidad no le gusta al cliente
OPP-1079,Crear Lead,2026-07-14 04:04:00,Juan Martinez,37056,
OPP-1079,Contactar Cliente,2026-07-14 22:33:00,Juan Martinez,37056,
OPP-1079,Calificar Lead,2026-07-16 07:33:00,Juan Martinez,37056,
OPP-1079,Agendar Demo,2026-07-19 07:33:00,Juan Martinez,37056,
OPP-1079,Realizar Demo,2026-07-22 07:33:00,Juan Martinez,37056,
OPP-1079,Enviar Propuesta,2026-07-24 07:33:00,Juan Martinez,37056,
OPP-1079,Negociación,2026-07-26 07:33:00,Carlos Mendoza,37056,
OPP-1079,Aprobación Legal,2026-07-30 07:33:00,Abog. Ruiz,37056,
OPP-1079,Cerrar Ganado,2026-08-02 07:33:00,Elena Silva,37056,
OPP-1080,Crear Lead,2026-07-11 02:08:00,Ana Gomez,14025,
OPP-1080,Contactar Cliente,2026-07-11 07:30:00,Ana Gomez,14025,
OPP-1080,Calificar Lead,2026-07-12 10:30:00,Ana Gomez,14025,
OPP-1080,Agendar Demo,2026-07-13 10:30:00,Ana Gomez,14025,
OPP-1080,Realizar Demo,2026-07-15 10:30:00,Ana Gomez,14025,
OPP-1080,Enviar Propuesta,2026-07-16 10:30:00,Ana Gomez,14025,
OPP-1080,Negociación,2026-07-21 10:30:00,Elena Silva,14025,
OPP-1080,Cerrar Ganado,2026-07-24 10:30:00,Carlos Mendoza,14025,
OPP-1081,Crear Lead,2026-07-10 01:30:00,Luis Perez,30008,
OPP-1081,Contactar Cliente,2026-07-10 14:04:00,Luis Perez,30008,
OPP-1081,Calificar Lead,2026-07-10 21:04:00,Luis Perez,30008,
OPP-1081,Agendar Demo,2026-07-11 21:04:00,Luis Perez,30008,
OPP-1081,Realizar Demo,2026-07-12 21:04:00,Luis Perez,30008,
OPP-1081,Enviar Propuesta,2026-07-13 21:04:00,Luis Perez,30008,
OPP-1081,Negociación,2026-07-16 21:04:00,Carlos Mendoza,30008,
OPP-1081,Aprobación Legal,2026-07-18 21:04:00,Abog. Castro,30008,
OPP-1081,Cerrar Ganado,2026-07-19 21:04:00,Carlos Mendoza,30008,
OPP-1082,Crear Lead,2026-07-13 06:19:00,Maria Rodriguez,23920,
OPP-1082,Contactar Cliente,2026-07-13 21:03:00,Maria Rodriguez,23920,
OPP-1082,Calificar Lead,2026-07-14 21:03:00,Maria Rodriguez,23920,
OPP-1082,Agendar Demo,2026-07-15 21:03:00,Maria Rodriguez,23920,
OPP-1082,Realizar Demo,2026-07-17 21:03:00,Maria Rodriguez,23920,
OPP-1082,Enviar Propuesta,2026-07-19 21:03:00,Maria Rodriguez,23920,
OPP-1082,Negociación,2026-07-24 21:03:00,Carlos Mendoza,23920,
OPP-1082,Cerrar Ganado,2026-07-28 21:03:00,Carlos Mendoza,23920,
OPP-1083,Crear Lead,2026-07-06 22:15:00,Luis Perez,5788,
OPP-1083,Contactar Cliente,2026-07-07 10:30:00,Luis Perez,5788,
OPP-1083,Calificar Lead,2026-07-08 21:30:00,Luis Perez,5788,
OPP-1083,Enviar Propuesta,2026-07-11 21:30:00,Luis Perez,5788,
OPP-1083,Negociación,2026-07-15 21:30:00,Elena Silva,5788,
OPP-1083,Enviar Propuesta,2026-07-20 21:30:00,Luis Perez,5217,
OPP-1083,Negociación,2026-07-22 21:30:00,Carlos Mendoza,5217,
OPP-1083,Cerrar Perdido,2026-07-26 21:30:00,Carlos Mendoza,5217,Percibe mal servicio de parte de empresa
OPP-1084,Crear Lead,2026-07-13 14:26:00,Luis Perez,28687,
OPP-1084,Contactar Cliente,2026-07-14 13:52:00,Luis Perez,28687,
OPP-1084,Calificar Lead,2026-07-14 23:52:00,Luis Perez,28687,
OPP-1084,Agendar Demo,2026-07-17 23:52:00,Luis Perez,28687,
OPP-1084,Realizar Demo,2026-07-20 23:52:00,Luis Perez,28687,
OPP-1084,Enviar Propuesta,2026-07-22 23:52:00,Luis Perez,28687,
OPP-1084,Negociación,2026-07-26 23:52:00,Carlos Mendoza,28687,
OPP-1084,Enviar Propuesta,2026-07-31 23:52:00,Luis Perez,25433,
OPP-1084,Negociación,2026-08-03 23:52:00,Elena Silva,25433,
OPP-1084,Aprobación Legal,2026-08-06 23:52:00,Abog. Ruiz,25433,
OPP-1084,Cerrar Ganado,2026-08-08 23:52:00,Elena Silva,25433,
OPP-1085,Crear Lead,2026-07-12 19:49:00,Maria Rodriguez,6485,
OPP-1085,Contactar Cliente,2026-07-13 11:00:00,Maria Rodriguez,6485,
OPP-1085,Calificar Lead,2026-07-13 13:00:00,Maria Rodriguez,6485,
OPP-1085,Agendar Demo,2026-07-16 13:00:00,Maria Rodriguez,6485,
OPP-1085,Realizar Demo,2026-07-17 13:00:00,Maria Rodriguez,6485,
OPP-1085,Enviar Propuesta,2026-07-18 13:00:00,Maria Rodriguez,6485,
OPP-1085,Negociación,2026-07-19 13:00:00,Carlos Mendoza,6485,
OPP-1085,Cerrar Ganado,2026-07-22 13:00:00,Elena Silva,6485,
OPP-1086,Crear Lead,2026-07-14 12:59:00,Maria Rodriguez,7559,
OPP-1086,Contactar Cliente,2026-07-15 12:17:00,Maria Rodriguez,7559,
OPP-1086,Calificar Lead,2026-07-17 12:17:00,Maria Rodriguez,7559,
OPP-1086,Agendar Demo,2026-07-20 12:17:00,Maria Rodriguez,7559,
OPP-1086,Realizar Demo,2026-07-23 12:17:00,Maria Rodriguez,7559,
OPP-1086,Enviar Propuesta,2026-07-25 12:17:00,Maria Rodriguez,7559,
OPP-1086,Negociación,2026-07-26 12:17:00,Carlos Mendoza,7559,
OPP-1086,Cerrar Ganado,2026-07-28 12:17:00,Carlos Mendoza,7559,
OPP-1087,Crear Lead,2026-07-05 11:06:00,Luis Perez,18779,
OPP-1087,Contactar Cliente,2026-07-06 08:30:00,Luis Perez,18779,
OPP-1087,Calificar Lead,2026-07-08 08:30:00,Luis Perez,18779,
OPP-1087,Agendar Demo,2026-07-09 08:30:00,Luis Perez,18779,
OPP-1087,Realizar Demo,2026-07-13 08:30:00,Luis Perez,18779,
OPP-1087,Enviar Propuesta,2026-07-15 08:30:00,Luis Perez,18779,
OPP-1087,Negociación,2026-07-16 08:30:00,Elena Silva,18779,
OPP-1087,Aprobación Legal,2026-07-18 08:30:00,Abog. Castro,18779,
OPP-1087,Cerrar Ganado,2026-07-20 08:30:00,Elena Silva,18779,
OPP-1088,Crear Lead,2026-07-13 23:51:00,Maria Rodriguez,15134,
OPP-1088,Contactar Cliente,2026-07-14 03:19:00,Maria Rodriguez,15134,
OPP-1088,Calificar Lead,2026-07-15 22:19:00,Maria Rodriguez,15134,
OPP-1088,Agendar Demo,2026-07-16 22:19:00,Maria Rodriguez,15134,
OPP-1088,Realizar Demo,2026-07-18 22:19:00,Maria Rodriguez,15134,
OPP-1088,Enviar Propuesta,2026-07-20 22:19:00,Maria Rodriguez,15134,
OPP-1088,Negociación,2026-07-21 22:19:00,Elena Silva,15134,
OPP-1088,Enviar Propuesta,2026-07-25 22:19:00,Maria Rodriguez,13274,
OPP-1088,Negociación,2026-07-27 22:19:00,Carlos Mendoza,13274,
OPP-1088,Cerrar Perdido,2026-07-31 22:19:00,Carlos Mendoza,13274,Precio muy alto
OPP-1089,Crear Lead,2026-07-04 08:53:00,Maria Rodriguez,27660,
OPP-1089,Contactar Cliente,2026-07-05 09:19:00,Maria Rodriguez,27660,
OPP-1089,Calificar Lead,2026-07-05 21:19:00,Maria Rodriguez,27660,
OPP-1089,Enviar Propuesta,2026-07-08 21:19:00,Maria Rodriguez,27660,
OPP-1089,Negociación,2026-07-11 21:19:00,Carlos Mendoza,27660,
OPP-1089,Aprobación Legal,2026-07-14 21:19:00,Abog. Ruiz,27660,
OPP-1089,Cerrar Ganado,2026-07-17 21:19:00,Elena Silva,27660,
OPP-1090,Crear Lead,2026-07-04 20:23:00,Maria Rodriguez,16414,
OPP-1090,Contactar Cliente,2026-07-05 04:00:00,Maria Rodriguez,16414,
OPP-1090,Calificar Lead,2026-07-06 01:00:00,Maria Rodriguez,16414,
OPP-1090,Agendar Demo,2026-07-08 01:00:00,Maria Rodriguez,16414,
OPP-1090,Realizar Demo,2026-07-12 01:00:00,Maria Rodriguez,16414,
OPP-1090,Enviar Propuesta,2026-07-13 01:00:00,Maria Rodriguez,16414,
OPP-1090,Negociación,2026-07-15 01:00:00,Elena Silva,16414,
OPP-1090,Cerrar Ganado,2026-07-18 01:00:00,Elena Silva,16414,
OPP-1091,Crear Lead,2026-07-16 04:31:00,Ana Gomez,38356,
OPP-1091,Contactar Cliente,2026-07-16 17:46:00,Ana Gomez,38356,
OPP-1091,Calificar Lead,2026-07-17 16:46:00,Ana Gomez,38356,
OPP-1091,Agendar Demo,2026-07-19 16:46:00,Ana Gomez,38356,
OPP-1091,Realizar Demo,2026-07-20 16:46:00,Ana Gomez,38356,
OPP-1091,Enviar Propuesta,2026-07-21 16:46:00,Ana Gomez,38356,
OPP-1091,Negociación,2026-07-23 16:46:00,Carlos Mendoza,38356,
OPP-1091,Aprobación Legal,2026-07-26 16:46:00,Abog. Castro,38356,
OPP-1091,Cerrar Ganado,2026-07-27 16:46:00,Elena Silva,38356,
OPP-1092,Crear Lead,2026-07-13 00:24:00,Juan Martinez,27138,
OPP-1092,Contactar Cliente,2026-07-13 12:55:00,Juan Martinez,27138,
OPP-1092,Calificar Lead,2026-07-13 14:55:00,Juan Martinez,27138,
OPP-1092,Agendar Demo,2026-07-16 14:55:00,Juan Martinez,27138,
OPP-1092,Realizar Demo,2026-07-17 14:55:00,Juan Martinez,27138,
OPP-1092,Enviar Propuesta,2026-07-19 14:55:00,Juan Martinez,27138,
OPP-1092,Negociación,2026-07-23 14:55:00,Carlos Mendoza,27138,
OPP-1092,Aprobación Legal,2026-07-26 14:55:00,Abog. Castro,27138,
OPP-1092,Cerrar Perdido,2026-07-28 14:55:00,Abog. Castro,27138,No tenemos el producto (sin existencias)
OPP-1093,Crear Lead,2026-07-17 03:08:00,Maria Rodriguez,3085,
OPP-1093,Contactar Cliente,2026-07-17 23:34:00,Maria Rodriguez,3085,
OPP-1093,Calificar Lead,2026-07-19 01:34:00,Maria Rodriguez,3085,
OPP-1093,Agendar Demo,2026-07-20 01:34:00,Maria Rodriguez,3085,
OPP-1093,Realizar Demo,2026-07-22 01:34:00,Maria Rodriguez,3085,
OPP-1093,Enviar Propuesta,2026-07-24 01:34:00,Maria Rodriguez,3085,
OPP-1093,Negociación,2026-07-25 01:34:00,Carlos Mendoza,3085,
OPP-1093,Cerrar Ganado,2026-07-26 01:34:00,Elena Silva,3085,
OPP-1094,Crear Lead,2026-07-17 08:04:00,Ana Gomez,18947,
OPP-1094,Contactar Cliente,2026-07-18 00:54:00,Ana Gomez,18947,
OPP-1094,Calificar Lead,2026-07-19 21:54:00,Ana Gomez,18947,
OPP-1094,Enviar Propuesta,2026-07-21 21:54:00,Ana Gomez,18947,
OPP-1094,Negociación,2026-07-25 21:54:00,Elena Silva,18947,
OPP-1094,Aprobación Legal,2026-07-27 21:54:00,Abog. Ruiz,18947,
OPP-1094,Cerrar Ganado,2026-07-30 21:54:00,Carlos Mendoza,18947,
OPP-1095,Crear Lead,2026-07-06 00:56:00,Juan Martinez,37126,
OPP-1095,Contactar Cliente,2026-07-06 06:34:00,Juan Martinez,37126,
OPP-1095,Calificar Lead,2026-07-06 23:34:00,Juan Martinez,37126,
OPP-1095,Agendar Demo,2026-07-07 23:34:00,Juan Martinez,37126,
OPP-1095,Realizar Demo,2026-07-11 23:34:00,Juan Martinez,37126,
OPP-1095,Enviar Propuesta,2026-07-12 23:34:00,Juan Martinez,37126,
OPP-1095,Negociación,2026-07-14 23:34:00,Elena Silva,37126,
OPP-1095,Aprobación Legal,2026-07-18 23:34:00,Abog. Ruiz,37126,
OPP-1095,Cerrar Ganado,2026-07-21 23:34:00,Carlos Mendoza,37126,
OPP-1096,Crear Lead,2026-07-05 04:23:00,Ana Gomez,4775,
OPP-1096,Contactar Cliente,2026-07-05 15:40:00,Ana Gomez,4775,
OPP-1096,Cerrar Perdido,2026-07-06 14:40:00,Ana Gomez,4775,Percibe mal servicio de parte de empresa
OPP-1097,Crear Lead,2026-07-17 01:34:00,Luis Perez,11076,
OPP-1097,Contactar Cliente,2026-07-17 07:56:00,Luis Perez,11076,
OPP-1097,Calificar Lead,2026-07-18 13:56:00,Luis Perez,11076,
OPP-1097,Agendar Demo,2026-07-20 13:56:00,Luis Perez,11076,
OPP-1097,Realizar Demo,2026-07-24 13:56:00,Luis Perez,11076,
OPP-1097,Enviar Propuesta,2026-07-25 13:56:00,Luis Perez,11076,
OPP-1097,Negociación,2026-07-30 13:56:00,Carlos Mendoza,11076,
OPP-1097,Cerrar Ganado,2026-08-02 13:56:00,Carlos Mendoza,11076,
OPP-1098,Crear Lead,2026-07-01 12:47:00,Luis Perez,6769,
OPP-1098,Contactar Cliente,2026-07-01 19:02:00,Luis Perez,6769,
OPP-1098,Calificar Lead,2026-07-03 04:02:00,Luis Perez,6769,
OPP-1098,Enviar Propuesta,2026-07-04 04:02:00,Luis Perez,6769,
OPP-1098,Negociación,2026-07-06 04:02:00,Carlos Mendoza,6769,
OPP-1098,Enviar Propuesta,2026-07-08 04:02:00,Luis Perez,5830,
OPP-1098,Negociación,2026-07-09 04:02:00,Carlos Mendoza,5830,
OPP-1098,Cerrar Perdido,2026-07-11 04:02:00,Carlos Mendoza,5830,No tiene credito con la empresa
OPP-1099,Crear Lead,2026-07-11 19:15:00,Ana Gomez,16507,
OPP-1099,Contactar Cliente,2026-07-12 09:31:00,Ana Gomez,16507,
OPP-1099,Calificar Lead,2026-07-13 13:31:00,Ana Gomez,16507,
OPP-1099,Agendar Demo,2026-07-14 13:31:00,Ana Gomez,16507,
OPP-1099,Realizar Demo,2026-07-18 13:31:00,Ana Gomez,16507,
OPP-1099,Enviar Propuesta,2026-07-20 13:31:00,Ana Gomez,16507,
OPP-1099,Negociación,2026-07-24 13:31:00,Elena Silva,16507,
OPP-1099,Aprobación Legal,2026-07-25 13:31:00,Abog. Castro,16507,
OPP-1099,Cerrar Ganado,2026-07-28 13:31:00,Carlos Mendoza,16507,
OPP-1100,Crear Lead,2026-07-04 19:17:00,Maria Rodriguez,22518,
OPP-1100,Contactar Cliente,2026-07-05 10:04:00,Maria Rodriguez,22518,
OPP-1100,Calificar Lead,2026-07-05 23:04:00,Maria Rodriguez,22518,
OPP-1100,Agendar Demo,2026-07-06 23:04:00,Maria Rodriguez,22518,
OPP-1100,Realizar Demo,2026-07-08 23:04:00,Maria Rodriguez,22518,
OPP-1100,Enviar Propuesta,2026-07-10 23:04:00,Maria Rodriguez,22518,
OPP-1100,Negociación,2026-07-11 23:04:00,Carlos Mendoza,22518,
OPP-1100,Aprobación Legal,2026-07-15 23:04:00,Abog. Castro,22518,
OPP-1100,Cerrar Ganado,2026-07-18 23:04:00,Elena Silva,22518,
OPP-1101,Crear Lead,2026-07-11 09:26:00,Luis Perez,19523,
OPP-1101,Contactar Cliente,2026-07-11 18:45:00,Luis Perez,19523,
OPP-1101,Cerrar Perdido,2026-07-12 18:45:00,Luis Perez,19523,Sin presupuesto / Proyecto cancelado
OPP-1102,Crear Lead,2026-07-02 19:18:00,Luis Perez,8312,
OPP-1102,Contactar Cliente,2026-07-02 23:56:00,Luis Perez,8312,
OPP-1102,Calificar Lead,2026-07-03 09:56:00,Luis Perez,8312,
OPP-1102,Agendar Demo,2026-07-05 09:56:00,Luis Perez,8312,
OPP-1102,Realizar Demo,2026-07-08 09:56:00,Luis Perez,8312,
OPP-1102,Enviar Propuesta,2026-07-09 09:56:00,Luis Perez,8312,
OPP-1102,Negociación,2026-07-11 09:56:00,Carlos Mendoza,8312,
OPP-1102,Cerrar Ganado,2026-07-13 09:56:00,Elena Silva,8312,
OPP-1103,Crear Lead,2026-07-02 19:38:00,Juan Martinez,49336,
OPP-1103,Contactar Cliente,2026-07-03 10:07:00,Juan Martinez,49336,
OPP-1103,Calificar Lead,2026-07-04 10:07:00,Juan Martinez,49336,
OPP-1103,Agendar Demo,2026-07-05 10:07:00,Juan Martinez,49336,
OPP-1103,Realizar Demo,2026-07-08 10:07:00,Juan Martinez,49336,
OPP-1103,Enviar Propuesta,2026-07-10 10:07:00,Juan Martinez,49336,
OPP-1103,Negociación,2026-07-12 10:07:00,Carlos Mendoza,49336,
OPP-1103,Aprobación Legal,2026-07-13 10:07:00,Abog. Castro,49336,
OPP-1103,Cerrar Perdido,2026-07-14 10:07:00,Abog. Castro,49336,No tiene credito con la empresa
OPP-1104,Crear Lead,2026-07-06 13:08:00,Ana Gomez,45705,
OPP-1104,Contactar Cliente,2026-07-07 03:33:00,Ana Gomez,45705,
OPP-1104,Calificar Lead,2026-07-07 17:33:00,Ana Gomez,45705,
OPP-1104,Agendar Demo,2026-07-08 17:33:00,Ana Gomez,45705,
OPP-1104,Realizar Demo,2026-07-12 17:33:00,Ana Gomez,45705,
OPP-1104,Enviar Propuesta,2026-07-14 17:33:00,Ana Gomez,45705,
OPP-1104,Negociación,2026-07-18 17:33:00,Elena Silva,45705,
OPP-1104,Aprobación Legal,2026-07-22 17:33:00,Abog. Ruiz,45705,
OPP-1104,Cerrar Perdido,2026-07-25 17:33:00,Abog. Ruiz,45705,Sin presupuesto / Proyecto cancelado
OPP-1105,Crear Lead,2026-07-15 14:24:00,Luis Perez,42310,
OPP-1105,Contactar Cliente,2026-07-16 15:03:00,Luis Perez,42310,
OPP-1105,Calificar Lead,2026-07-18 06:03:00,Luis Perez,42310,
OPP-1105,Agendar Demo,2026-07-20 06:03:00,Luis Perez,42310,
OPP-1105,Realizar Demo,2026-07-21 06:03:00,Luis Perez,42310,
OPP-1105,Enviar Propuesta,2026-07-22 06:03:00,Luis Perez,42310,
OPP-1105,Negociación,2026-07-25 06:03:00,Carlos Mendoza,42310,
OPP-1105,Aprobación Legal,2026-07-27 06:03:00,Abog. Ruiz,42310,
OPP-1105,Cerrar Ganado,2026-07-28 06:03:00,Elena Silva,42310,
OPP-1106,Crear Lead,2026-07-09 03:57:00,Ana Gomez,29646,
OPP-1106,Contactar Cliente,2026-07-09 13:18:00,Ana Gomez,29646,
OPP-1106,Calificar Lead,2026-07-11 00:18:00,Ana Gomez,29646,
OPP-1106,Enviar Propuesta,2026-07-13 00:18:00,Ana Gomez,29646,
OPP-1106,Negociación,2026-07-14 00:18:00,Elena Silva,29646,
OPP-1106,Enviar Propuesta,2026-07-16 00:18:00,Ana Gomez,27799,
OPP-1106,Negociación,2026-07-17 00:18:00,Elena Silva,27799,
OPP-1106,Aprobación Legal,2026-07-19 00:18:00,Abog. Ruiz,27799,
OPP-1106,Cerrar Ganado,2026-07-22 00:18:00,Elena Silva,27799,
OPP-1107,Crear Lead,2026-07-04 01:05:00,Juan Martinez,21365,
OPP-1107,Contactar Cliente,2026-07-04 15:54:00,Juan Martinez,21365,
OPP-1107,Calificar Lead,2026-07-06 09:54:00,Juan Martinez,21365,
OPP-1107,Enviar Propuesta,2026-07-07 09:54:00,Juan Martinez,21365,
OPP-1107,Negociación,2026-07-08 09:54:00,Carlos Mendoza,21365,
OPP-1107,Aprobación Legal,2026-07-11 09:54:00,Abog. Castro,21365,
OPP-1107,Cerrar Ganado,2026-07-12 09:54:00,Carlos Mendoza,21365,
OPP-1108,Crear Lead,2026-07-03 21:50:00,Ana Gomez,13464,
OPP-1108,Contactar Cliente,2026-07-04 21:15:00,Ana Gomez,13464,
OPP-1108,Calificar Lead,2026-07-05 23:15:00,Ana Gomez,13464,
OPP-1108,Agendar Demo,2026-07-07 23:15:00,Ana Gomez,13464,
OPP-1108,Realizar Demo,2026-07-08 23:15:00,Ana Gomez,13464,
OPP-1108,Enviar Propuesta,2026-07-09 23:15:00,Ana Gomez,13464,
OPP-1108,Negociación,2026-07-12 23:15:00,Elena Silva,13464,
OPP-1108,Cerrar Perdido,2026-07-13 23:15:00,Elena Silva,13464,Precio muy alto
OPP-1109,Crear Lead,2026-07-04 20:08:00,Maria Rodriguez,25051,
OPP-1109,Contactar Cliente,2026-07-05 05:21:00,Maria Rodriguez,25051,
OPP-1109,Calificar Lead,2026-07-06 08:21:00,Maria Rodriguez,25051,
OPP-1109,Agendar Demo,2026-07-09 08:21:00,Maria Rodriguez,25051,
OPP-1109,Realizar Demo,2026-07-10 08:21:00,Maria Rodriguez,25051,
OPP-1109,Enviar Propuesta,2026-07-11 08:21:00,Maria Rodriguez,25051,
OPP-1109,Negociación,2026-07-13 08:21:00,Elena Silva,25051,
OPP-1109,Aprobación Legal,2026-07-16 08:21:00,Abog. Castro,25051,
OPP-1109,Cerrar Ganado,2026-07-18 08:21:00,Elena Silva,25051,
OPP-1110,Crear Lead,2026-07-07 01:11:00,Ana Gomez,42694,
OPP-1110,Contactar Cliente,2026-07-07 09:24:00,Ana Gomez,42694,
OPP-1110,Calificar Lead,2026-07-08 19:24:00,Ana Gomez,42694,
OPP-1110,Agendar Demo,2026-07-09 19:24:00,Ana Gomez,42694,
OPP-1110,Realizar Demo,2026-07-12 19:24:00,Ana Gomez,42694,
OPP-1110,Enviar Propuesta,2026-07-13 19:24:00,Ana Gomez,42694,
OPP-1110,Negociación,2026-07-18 19:24:00,Carlos Mendoza,42694,
OPP-1110,Aprobación Legal,2026-07-22 19:24:00,Abog. Castro,42694,
OPP-1110,Cerrar Perdido,2026-07-24 19:24:00,Abog. Castro,42694,No tiene credito con la empresa
OPP-1111,Crear Lead,2026-07-07 11:58:00,Luis Perez,28001,
OPP-1111,Contactar Cliente,2026-07-08 02:19:00,Luis Perez,28001,
OPP-1111,Calificar Lead,2026-07-09 06:19:00,Luis Perez,28001,
OPP-1111,Agendar Demo,2026-07-12 06:19:00,Luis Perez,28001,
OPP-1111,Realizar Demo,2026-07-16 06:19:00,Luis Perez,28001,
OPP-1111,Enviar Propuesta,2026-07-18 06:19:00,Luis Perez,28001,
OPP-1111,Negociación,2026-07-20 06:19:00,Elena Silva,28001,
OPP-1111,Aprobación Legal,2026-07-22 06:19:00,Abog. Castro,28001,
OPP-1111,Cerrar Ganado,2026-07-23 06:19:00,Elena Silva,28001,
OPP-1112,Crear Lead,2026-07-12 15:17:00,Ana Gomez,45173,
OPP-1112,Contactar Cliente,2026-07-12 20:52:00,Ana Gomez,45173,
OPP-1112,Calificar Lead,2026-07-13 02:52:00,Ana Gomez,45173,
OPP-1112,Enviar Propuesta,2026-07-14 02:52:00,Ana Gomez,45173,
OPP-1112,Negociación,2026-07-16 02:52:00,Elena Silva,45173,
OPP-1112,Aprobación Legal,2026-07-17 02:52:00,Abog. Ruiz,45173,
OPP-1112,Cerrar Ganado,2026-07-20 02:52:00,Carlos Mendoza,45173,
OPP-1113,Crear Lead,2026-07-08 13:15:00,Luis Perez,49231,
OPP-1113,Contactar Cliente,2026-07-08 21:32:00,Luis Perez,49231,
OPP-1113,Calificar Lead,2026-07-10 10:32:00,Luis Perez,49231,
OPP-1113,Agendar Demo,2026-07-12 10:32:00,Luis Perez,49231,
OPP-1113,Realizar Demo,2026-07-14 10:32:00,Luis Perez,49231,
OPP-1113,Enviar Propuesta,2026-07-16 10:32:00,Luis Perez,49231,
OPP-1113,Negociación,2026-07-19 10:32:00,Carlos Mendoza,49231,
OPP-1113,Aprobación Legal,2026-07-23 10:32:00,Abog. Ruiz,49231,
OPP-1113,Cerrar Ganado,2026-07-25 10:32:00,Carlos Mendoza,49231,
OPP-1114,Crear Lead,2026-07-11 19:30:00,Ana Gomez,40422,
OPP-1114,Contactar Cliente,2026-07-12 06:19:00,Ana Gomez,40422,
OPP-1114,Calificar Lead,2026-07-13 13:19:00,Ana Gomez,40422,
OPP-1114,Agendar Demo,2026-07-14 13:19:00,Ana Gomez,40422,
OPP-1114,Realizar Demo,2026-07-15 13:19:00,Ana Gomez,40422,
OPP-1114,Enviar Propuesta,2026-07-17 13:19:00,Ana Gomez,40422,
OPP-1114,Negociación,2026-07-20 13:19:00,Carlos Mendoza,40422,
OPP-1114,Aprobación Legal,2026-07-21 13:19:00,Abog. Castro,40422,
OPP-1114,Cerrar Ganado,2026-07-24 13:19:00,Elena Silva,40422,
OPP-1115,Crear Lead,2026-07-02 09:12:00,Luis Perez,28921,
OPP-1115,Contactar Cliente,2026-07-02 13:47:00,Luis Perez,28921,
OPP-1115,Cerrar Perdido,2026-07-03 02:47:00,Luis Perez,28921,Sin presupuesto / Proyecto cancelado
OPP-1116,Crear Lead,2026-07-13 17:43:00,Luis Perez,42540,
OPP-1116,Contactar Cliente,2026-07-13 19:05:00,Luis Perez,42540,
OPP-1116,Calificar Lead,2026-07-15 14:05:00,Luis Perez,42540,
OPP-1116,Agendar Demo,2026-07-18 14:05:00,Luis Perez,42540,
OPP-1116,Realizar Demo,2026-07-19 14:05:00,Luis Perez,42540,
OPP-1116,Enviar Propuesta,2026-07-21 14:05:00,Luis Perez,42540,
OPP-1116,Negociación,2026-07-24 14:05:00,Carlos Mendoza,42540,
OPP-1116,Aprobación Legal,2026-07-27 14:05:00,Abog. Ruiz,42540,
OPP-1116,Cerrar Perdido,2026-07-29 14:05:00,Abog. Ruiz,42540,Percibe mal servicio de parte de empresa
OPP-1117,Crear Lead,2026-07-15 14:47:00,Ana Gomez,18126,
OPP-1117,Contactar Cliente,2026-07-16 01:29:00,Ana Gomez,18126,
OPP-1117,Calificar Lead,2026-07-17 03:29:00,Ana Gomez,18126,
OPP-1117,Agendar Demo,2026-07-18 03:29:00,Ana Gomez,18126,
OPP-1117,Realizar Demo,2026-07-20 03:29:00,Ana Gomez,18126,
OPP-1117,Enviar Propuesta,2026-07-22 03:29:00,Ana Gomez,18126,
OPP-1117,Negociación,2026-07-24 03:29:00,Elena Silva,18126,
OPP-1117,Enviar Propuesta,2026-07-29 03:29:00,Ana Gomez,16755,
OPP-1117,Negociación,2026-07-30 03:29:00,Carlos Mendoza,16755,
OPP-1117,Aprobación Legal,2026-08-03 03:29:00,Abog. Ruiz,16755,
OPP-1117,Cerrar Ganado,2026-08-05 03:29:00,Carlos Mendoza,16755,
OPP-1118,Crear Lead,2026-07-01 14:14:00,Juan Martinez,10130,
OPP-1118,Contactar Cliente,2026-07-02 00:02:00,Juan Martinez,10130,
OPP-1118,Calificar Lead,2026-07-02 06:02:00,Juan Martinez,10130,
OPP-1118,Agendar Demo,2026-07-05 06:02:00,Juan Martinez,10130,
OPP-1118,Realizar Demo,2026-07-07 06:02:00,Juan Martinez,10130,
OPP-1118,Enviar Propuesta,2026-07-08 06:02:00,Juan Martinez,10130,
OPP-1118,Negociación,2026-07-13 06:02:00,Carlos Mendoza,10130,
OPP-1118,Enviar Propuesta,2026-07-16 06:02:00,Juan Martinez,8938,
OPP-1118,Negociación,2026-07-18 06:02:00,Elena Silva,8938,
OPP-1118,Cerrar Perdido,2026-07-19 06:02:00,Elena Silva,8938,No tiene credito con la empresa
OPP-1119,Crear Lead,2026-07-03 08:54:00,Luis Perez,5951,
OPP-1119,Contactar Cliente,2026-07-04 07:06:00,Luis Perez,5951,
OPP-1119,Cerrar Perdido,2026-07-04 14:06:00,Luis Perez,5951,Sin presupuesto / Proyecto cancelado
OPP-1120,Crear Lead,2026-07-14 00:10:00,Luis Perez,19652,
OPP-1120,Contactar Cliente,2026-07-14 01:50:00,Luis Perez,19652,
OPP-1120,Calificar Lead,2026-07-15 21:50:00,Luis Perez,19652,
OPP-1120,Agendar Demo,2026-07-18 21:50:00,Luis Perez,19652,
OPP-1120,Realizar Demo,2026-07-19 21:50:00,Luis Perez,19652,
OPP-1120,Enviar Propuesta,2026-07-21 21:50:00,Luis Perez,19652,
OPP-1120,Negociación,2026-07-25 21:50:00,Elena Silva,19652,
OPP-1120,Cerrar Perdido,2026-07-29 21:50:00,Elena Silva,19652,No tenemos el producto (sin existencias)
OPP-1121,Crear Lead,2026-07-02 14:19:00,Ana Gomez,39436,
OPP-1121,Contactar Cliente,2026-07-02 16:52:00,Ana Gomez,39436,
OPP-1121,Cerrar Perdido,2026-07-04 14:52:00,Ana Gomez,39436,No tiene credito con la empresa
OPP-1122,Crear Lead,2026-07-09 04:37:00,Luis Perez,2820,
OPP-1122,Contactar Cliente,2026-07-10 02:05:00,Luis Perez,2820,
OPP-1122,Calificar Lead,2026-07-11 17:05:00,Luis Perez,2820,
OPP-1122,Enviar Propuesta,2026-07-13 17:05:00,Luis Perez,2820,
OPP-1122,Negociación,2026-07-15 17:05:00,Carlos Mendoza,2820,
OPP-1122,Cerrar Perdido,2026-07-16 17:05:00,Carlos Mendoza,2820,No tenemos el producto (sin existencias)
OPP-1123,Crear Lead,2026-07-10 05:17:00,Juan Martinez,21507,
OPP-1123,Contactar Cliente,2026-07-11 05:49:00,Juan Martinez,21507,
OPP-1123,Calificar Lead,2026-07-11 18:49:00,Juan Martinez,21507,
OPP-1123,Agendar Demo,2026-07-12 18:49:00,Juan Martinez,21507,
OPP-1123,Realizar Demo,2026-07-13 18:49:00,Juan Martinez,21507,
OPP-1123,Enviar Propuesta,2026-07-15 18:49:00,Juan Martinez,21507,
OPP-1123,Negociación,2026-07-17 18:49:00,Elena Silva,21507,
OPP-1123,Cerrar Ganado,2026-07-20 18:49:00,Carlos Mendoza,21507,
OPP-1124,Crear Lead,2026-07-14 11:06:00,Ana Gomez,47999,
OPP-1124,Contactar Cliente,2026-07-14 22:44:00,Ana Gomez,47999,
OPP-1124,Cerrar Perdido,2026-07-16 12:44:00,Ana Gomez,47999,Precio muy alto
OPP-1125,Crear Lead,2026-07-05 01:32:00,Juan Martinez,34960,
OPP-1125,Contactar Cliente,2026-07-05 08:46:00,Juan Martinez,34960,
OPP-1125,Calificar Lead,2026-07-06 20:46:00,Juan Martinez,34960,
OPP-1125,Enviar Propuesta,2026-07-09 20:46:00,Juan Martinez,34960,
OPP-1125,Negociación,2026-07-10 20:46:00,Carlos Mendoza,34960,
OPP-1125,Aprobación Legal,2026-07-13 20:46:00,Abog. Ruiz,34960,
OPP-1125,Cerrar Perdido,2026-07-16 20:46:00,Abog. Ruiz,34960,No tenemos el producto (sin existencias)
OPP-1126,Crear Lead,2026-07-05 20:53:00,Juan Martinez,4632,
OPP-1126,Contactar Cliente,2026-07-06 20:07:00,Juan Martinez,4632,
OPP-1126,Calificar Lead,2026-07-07 15:07:00,Juan Martinez,4632,
OPP-1126,Agendar Demo,2026-07-10 15:07:00,Juan Martinez,4632,
OPP-1126,Realizar Demo,2026-07-13 15:07:00,Juan Martinez,4632,
OPP-1126,Enviar Propuesta,2026-07-15 15:07:00,Juan Martinez,4632,
OPP-1126,Negociación,2026-07-16 15:07:00,Carlos Mendoza,4632,
OPP-1126,Cerrar Ganado,2026-07-20 15:07:00,Elena Silva,4632,
OPP-1127,Crear Lead,2026-07-08 11:36:00,Ana Gomez,7024,
OPP-1127,Contactar Cliente,2026-07-08 21:12:00,Ana Gomez,7024,
OPP-1127,Calificar Lead,2026-07-10 10:12:00,Ana Gomez,7024,
OPP-1127,Agendar Demo,2026-07-11 10:12:00,Ana Gomez,7024,
OPP-1127,Realizar Demo,2026-07-13 10:12:00,Ana Gomez,7024,
OPP-1127,Enviar Propuesta,2026-07-15 10:12:00,Ana Gomez,7024,
OPP-1127,Negociación,2026-07-16 10:12:00,Elena Silva,7024,
OPP-1127,Cerrar Ganado,2026-07-17 10:12:00,Elena Silva,7024,
OPP-1128,Crear Lead,2026-07-05 22:10:00,Ana Gomez,38881,
OPP-1128,Contactar Cliente,2026-07-06 11:55:00,Ana Gomez,38881,
OPP-1128,Calificar Lead,2026-07-06 14:55:00,Ana Gomez,38881,
OPP-1128,Agendar Demo,2026-07-07 14:55:00,Ana Gomez,38881,
OPP-1128,Realizar Demo,2026-07-09 14:55:00,Ana Gomez,38881,
OPP-1128,Enviar Propuesta,2026-07-10 14:55:00,Ana Gomez,38881,
OPP-1128,Negociación,2026-07-15 14:55:00,Elena Silva,38881,
OPP-1128,Aprobación Legal,2026-07-19 14:55:00,Abog. Ruiz,38881,
OPP-1128,Cerrar Ganado,2026-07-21 14:55:00,Elena Silva,38881,
OPP-1129,Crear Lead,2026-07-16 11:12:00,Luis Perez,31256,
OPP-1129,Contactar Cliente,2026-07-16 14:26:00,Luis Perez,31256,
OPP-1129,Calificar Lead,2026-07-17 17:26:00,Luis Perez,31256,
OPP-1129,Enviar Propuesta,2026-07-20 17:26:00,Luis Perez,31256,
OPP-1129,Negociación,2026-07-24 17:26:00,Carlos Mendoza,31256,
OPP-1129,Aprobación Legal,2026-07-26 17:26:00,Abog. Ruiz,31256,
OPP-1129,Cerrar Ganado,2026-07-29 17:26:00,Carlos Mendoza,31256,
OPP-1130,Crear Lead,2026-07-08 15:07:00,Luis Perez,19805,
OPP-1130,Contactar Cliente,2026-07-09 15:36:00,Luis Perez,19805,
OPP-1130,Calificar Lead,2026-07-10 04:36:00,Luis Perez,19805,
OPP-1130,Agendar Demo,2026-07-12 04:36:00,Luis Perez,19805,
OPP-1130,Realizar Demo,2026-07-13 04:36:00,Luis Perez,19805,
OPP-1130,Enviar Propuesta,2026-07-15 04:36:00,Luis Perez,19805,
OPP-1130,Negociación,2026-07-20 04:36:00,Carlos Mendoza,19805,
OPP-1130,Aprobación Legal,2026-07-23 04:36:00,Abog. Ruiz,19805,
OPP-1130,Cerrar Perdido,2026-07-26 04:36:00,Abog. Ruiz,19805,Percibe mal servicio de parte de empresa
OPP-1131,Crear Lead,2026-07-01 09:56:00,Luis Perez,36091,
OPP-1131,Contactar Cliente,2026-07-02 03:21:00,Luis Perez,36091,
OPP-1131,Calificar Lead,2026-07-02 19:21:00,Luis Perez,36091,
OPP-1131,Agendar Demo,2026-07-03 19:21:00,Luis Perez,36091,
OPP-1131,Realizar Demo,2026-07-04 19:21:00,Luis Perez,36091,
OPP-1131,Enviar Propuesta,2026-07-06 19:21:00,Luis Perez,36091,
OPP-1131,Negociación,2026-07-07 19:21:00,Carlos Mendoza,36091,
OPP-1131,Aprobación Legal,2026-07-10 19:21:00,Abog. Ruiz,36091,
OPP-1131,Cerrar Ganado,2026-07-12 19:21:00,Carlos Mendoza,36091,
OPP-1132,Crear Lead,2026-07-06 14:14:00,Luis Perez,35592,
OPP-1132,Contactar Cliente,2026-07-06 21:45:00,Luis Perez,35592,
OPP-1132,Calificar Lead,2026-07-07 09:45:00,Luis Perez,35592,
OPP-1132,Agendar Demo,2026-07-09 09:45:00,Luis Perez,35592,
OPP-1132,Realizar Demo,2026-07-11 09:45:00,Luis Perez,35592,
OPP-1132,Enviar Propuesta,2026-07-13 09:45:00,Luis Perez,35592,
OPP-1132,Negociación,2026-07-15 09:45:00,Elena Silva,35592,
OPP-1132,Aprobación Legal,2026-07-17 09:45:00,Abog. Castro,35592,
OPP-1132,Cerrar Ganado,2026-07-18 09:45:00,Elena Silva,35592,
OPP-1133,Crear Lead,2026-07-15 02:56:00,Luis Perez,10053,
OPP-1133,Contactar Cliente,2026-07-15 21:23:00,Luis Perez,10053,
OPP-1133,Calificar Lead,2026-07-17 18:23:00,Luis Perez,10053,
OPP-1133,Agendar Demo,2026-07-20 18:23:00,Luis Perez,10053,
OPP-1133,Realizar Demo,2026-07-23 18:23:00,Luis Perez,10053,
OPP-1133,Enviar Propuesta,2026-07-24 18:23:00,Luis Perez,10053,
OPP-1133,Negociación,2026-07-26 18:23:00,Elena Silva,10053,
OPP-1133,Cerrar Perdido,2026-07-29 18:23:00,Elena Silva,10053,Precio muy alto
OPP-1134,Crear Lead,2026-07-02 01:41:00,Juan Martinez,36186,
OPP-1134,Contactar Cliente,2026-07-02 06:15:00,Juan Martinez,36186,
OPP-1134,Calificar Lead,2026-07-02 23:15:00,Juan Martinez,36186,
OPP-1134,Agendar Demo,2026-07-03 23:15:00,Juan Martinez,36186,
OPP-1134,Realizar Demo,2026-07-04 23:15:00,Juan Martinez,36186,
OPP-1134,Enviar Propuesta,2026-07-05 23:15:00,Juan Martinez,36186,
OPP-1134,Negociación,2026-07-10 23:15:00,Carlos Mendoza,36186,
OPP-1134,Enviar Propuesta,2026-07-15 23:15:00,Juan Martinez,31748,
OPP-1134,Negociación,2026-07-17 23:15:00,Elena Silva,31748,
OPP-1134,Aprobación Legal,2026-07-18 23:15:00,Abog. Ruiz,31748,
OPP-1134,Cerrar Ganado,2026-07-20 23:15:00,Elena Silva,31748,
OPP-1135,Crear Lead,2026-07-09 16:07:00,Ana Gomez,34335,
OPP-1135,Contactar Cliente,2026-07-10 04:29:00,Ana Gomez,34335,
OPP-1135,Cerrar Perdido,2026-07-11 19:29:00,Ana Gomez,34335,No tenemos el producto (sin existencias)
OPP-1136,Crear Lead,2026-07-05 19:38:00,Luis Perez,19397,
OPP-1136,Contactar Cliente,2026-07-06 09:22:00,Luis Perez,19397,
OPP-1136,Calificar Lead,2026-07-06 21:22:00,Luis Perez,19397,
OPP-1136,Agendar Demo,2026-07-07 21:22:00,Luis Perez,19397,
OPP-1136,Realizar Demo,2026-07-11 21:22:00,Luis Perez,19397,
OPP-1136,Enviar Propuesta,2026-07-12 21:22:00,Luis Perez,19397,
OPP-1136,Negociación,2026-07-16 21:22:00,Carlos Mendoza,19397,
OPP-1136,Enviar Propuesta,2026-07-19 21:22:00,Luis Perez,17182,
OPP-1136,Negociación,2026-07-21 21:22:00,Carlos Mendoza,17182,
OPP-1136,Aprobación Legal,2026-07-23 21:22:00,Abog. Ruiz,17182,
OPP-1136,Cerrar Ganado,2026-07-26 21:22:00,Elena Silva,17182,
OPP-1137,Crear Lead,2026-07-05 14:37:00,Juan Martinez,1587,
OPP-1137,Contactar Cliente,2026-07-06 00:01:00,Juan Martinez,1587,
OPP-1137,Calificar Lead,2026-07-06 22:01:00,Juan Martinez,1587,
OPP-1137,Enviar Propuesta,2026-07-08 22:01:00,Juan Martinez,1587,
OPP-1137,Negociación,2026-07-09 22:01:00,Carlos Mendoza,1587,
OPP-1137,Enviar Propuesta,2026-07-14 22:01:00,Juan Martinez,1415,
OPP-1137,Negociación,2026-07-15 22:01:00,Elena Silva,1415,
OPP-1137,Cerrar Ganado,2026-07-18 22:01:00,Elena Silva,1415,
OPP-1138,Crear Lead,2026-07-11 02:11:00,Luis Perez,10299,
OPP-1138,Contactar Cliente,2026-07-11 13:31:00,Luis Perez,10299,
OPP-1138,Calificar Lead,2026-07-12 09:31:00,Luis Perez,10299,
OPP-1138,Enviar Propuesta,2026-07-15 09:31:00,Luis Perez,10299,
OPP-1138,Negociación,2026-07-19 09:31:00,Carlos Mendoza,10299,
OPP-1138,Cerrar Perdido,2026-07-23 09:31:00,Carlos Mendoza,10299,La calidad no le gusta al cliente
OPP-1139,Crear Lead,2026-07-07 19:58:00,Maria Rodriguez,31382,
OPP-1139,Contactar Cliente,2026-07-08 18:16:00,Maria Rodriguez,31382,
OPP-1139,Calificar Lead,2026-07-10 09:16:00,Maria Rodriguez,31382,
OPP-1139,Agendar Demo,2026-07-12 09:16:00,Maria Rodriguez,31382,
OPP-1139,Realizar Demo,2026-07-15 09:16:00,Maria Rodriguez,31382,
OPP-1139,Enviar Propuesta,2026-07-16 09:16:00,Maria Rodriguez,31382,
OPP-1139,Negociación,2026-07-21 09:16:00,Carlos Mendoza,31382,
OPP-1139,Cerrar Ganado,2026-07-23 09:16:00,Carlos Mendoza,31382,
OPP-1140,Crear Lead,2026-07-12 12:55:00,Maria Rodriguez,26110,
OPP-1140,Contactar Cliente,2026-07-13 06:08:00,Maria Rodriguez,26110,
OPP-1140,Cerrar Perdido,2026-07-14 00:08:00,Maria Rodriguez,26110,Precio muy alto
OPP-1141,Crear Lead,2026-07-11 15:26:00,Juan Martinez,40471,
OPP-1141,Contactar Cliente,2026-07-12 05:40:00,Juan Martinez,40471,
OPP-1141,Calificar Lead,2026-07-13 19:40:00,Juan Martinez,40471,
OPP-1141,Agendar Demo,2026-07-14 19:40:00,Juan Martinez,40471,
OPP-1141,Realizar Demo,2026-07-15 19:40:00,Juan Martinez,40471,
OPP-1141,Enviar Propuesta,2026-07-16 19:40:00,Juan Martinez,40471,
OPP-1141,Negociación,2026-07-17 19:40:00,Elena Silva,40471,
OPP-1141,Aprobación Legal,2026-07-21 19:40:00,Abog. Ruiz,40471,
OPP-1141,Cerrar Perdido,2026-07-24 19:40:00,Abog. Ruiz,40471,La calidad no le gusta al cliente
OPP-1142,Crear Lead,2026-07-09 11:47:00,Ana Gomez,29337,
OPP-1142,Contactar Cliente,2026-07-10 10:35:00,Ana Gomez,29337,
OPP-1142,Calificar Lead,2026-07-10 17:35:00,Ana Gomez,29337,
OPP-1142,Enviar Propuesta,2026-07-11 17:35:00,Ana Gomez,29337,
OPP-1142,Negociación,2026-07-12 17:35:00,Elena Silva,29337,
OPP-1142,Aprobación Legal,2026-07-15 17:35:00,Abog. Ruiz,29337,
OPP-1142,Cerrar Ganado,2026-07-16 17:35:00,Carlos Mendoza,29337,
OPP-1143,Crear Lead,2026-07-10 12:45:00,Ana Gomez,12686,
OPP-1143,Contactar Cliente,2026-07-10 22:23:00,Ana Gomez,12686,
OPP-1143,Calificar Lead,2026-07-12 07:23:00,Ana Gomez,12686,
OPP-1143,Agendar Demo,2026-07-13 07:23:00,Ana Gomez,12686,
OPP-1143,Realizar Demo,2026-07-15 07:23:00,Ana Gomez,12686,
OPP-1143,Enviar Propuesta,2026-07-17 07:23:00,Ana Gomez,12686,
OPP-1143,Negociación,2026-07-19 07:23:00,Elena Silva,12686,
OPP-1143,Enviar Propuesta,2026-07-21 07:23:00,Ana Gomez,11370,
OPP-1143,Negociación,2026-07-23 07:23:00,Elena Silva,11370,
OPP-1143,Cerrar Ganado,2026-07-24 07:23:00,Elena Silva,11370,
OPP-1144,Crear Lead,2026-07-15 07:45:00,Ana Gomez,2402,
OPP-1144,Contactar Cliente,2026-07-16 01:58:00,Ana Gomez,2402,
OPP-1144,Cerrar Perdido,2026-07-17 18:58:00,Ana Gomez,2402,Sin presupuesto / Proyecto cancelado
OPP-1145,Crear Lead,2026-07-07 07:06:00,Maria Rodriguez,23469,
OPP-1145,Contactar Cliente,2026-07-08 06:28:00,Maria Rodriguez,23469,
OPP-1145,Calificar Lead,2026-07-09 10:28:00,Maria Rodriguez,23469,
OPP-1145,Agendar Demo,2026-07-12 10:28:00,Maria Rodriguez,23469,
OPP-1145,Realizar Demo,2026-07-16 10:28:00,Maria Rodriguez,23469,
OPP-1145,Enviar Propuesta,2026-07-17 10:28:00,Maria Rodriguez,23469,
OPP-1145,Negociación,2026-07-18 10:28:00,Elena Silva,23469,
OPP-1145,Aprobación Legal,2026-07-19 10:28:00,Abog. Castro,23469,
OPP-1145,Cerrar Ganado,2026-07-22 10:28:00,Elena Silva,23469,
OPP-1146,Crear Lead,2026-07-07 15:46:00,Juan Martinez,49268,
OPP-1146,Contactar Cliente,2026-07-08 16:08:00,Juan Martinez,49268,
OPP-1146,Calificar Lead,2026-07-10 08:08:00,Juan Martinez,49268,
OPP-1146,Agendar Demo,2026-07-11 08:08:00,Juan Martinez,49268,
OPP-1146,Realizar Demo,2026-07-12 08:08:00,Juan Martinez,49268,
OPP-1146,Enviar Propuesta,2026-07-14 08:08:00,Juan Martinez,49268,
OPP-1146,Negociación,2026-07-18 08:08:00,Carlos Mendoza,49268,
OPP-1146,Aprobación Legal,2026-07-22 08:08:00,Abog. Castro,49268,
OPP-1146,Cerrar Ganado,2026-07-24 08:08:00,Carlos Mendoza,49268,
OPP-1147,Crear Lead,2026-07-12 10:37:00,Juan Martinez,42115,
OPP-1147,Contactar Cliente,2026-07-12 17:54:00,Juan Martinez,42115,
OPP-1147,Calificar Lead,2026-07-14 03:54:00,Juan Martinez,42115,
OPP-1147,Agendar Demo,2026-07-15 03:54:00,Juan Martinez,42115,
OPP-1147,Realizar Demo,2026-07-16 03:54:00,Juan Martinez,42115,
OPP-1147,Enviar Propuesta,2026-07-17 03:54:00,Juan Martinez,42115,
OPP-1147,Negociación,2026-07-18 03:54:00,Elena Silva,42115,
OPP-1147,Enviar Propuesta,2026-07-21 03:54:00,Juan Martinez,38258,
OPP-1147,Negociación,2026-07-23 03:54:00,Elena Silva,38258,
OPP-1147,Aprobación Legal,2026-07-27 03:54:00,Abog. Ruiz,38258,
OPP-1147,Cerrar Perdido,2026-07-30 03:54:00,Abog. Ruiz,38258,Sin presupuesto / Proyecto cancelado
OPP-1148,Crear Lead,2026-07-02 19:28:00,Ana Gomez,9988,
OPP-1148,Contactar Cliente,2026-07-03 06:56:00,Ana Gomez,9988,
OPP-1148,Calificar Lead,2026-07-04 07:56:00,Ana Gomez,9988,
OPP-1148,Agendar Demo,2026-07-07 07:56:00,Ana Gomez,9988,
OPP-1148,Realizar Demo,2026-07-11 07:56:00,Ana Gomez,9988,
OPP-1148,Enviar Propuesta,2026-07-12 07:56:00,Ana Gomez,9988,
OPP-1148,Negociación,2026-07-15 07:56:00,Elena Silva,9988,
OPP-1148,Cerrar Perdido,2026-07-19 07:56:00,Elena Silva,9988,La calidad no le gusta al cliente
OPP-1149,Crear Lead,2026-07-11 15:07:00,Ana Gomez,17751,
OPP-1149,Contactar Cliente,2026-07-12 02:47:00,Ana Gomez,17751,
OPP-1149,Calificar Lead,2026-07-12 06:47:00,Ana Gomez,17751,
OPP-1149,Agendar Demo,2026-07-14 06:47:00,Ana Gomez,17751,
OPP-1149,Realizar Demo,2026-07-15 06:47:00,Ana Gomez,17751,
OPP-1149,Enviar Propuesta,2026-07-17 06:47:00,Ana Gomez,17751,
OPP-1149,Negociación,2026-07-19 06:47:00,Carlos Mendoza,17751,
OPP-1149,Cerrar Ganado,2026-07-21 06:47:00,Elena Silva,17751,
OPP-1150,Crear Lead,2026-07-09 00:45:00,Luis Perez,3242,
OPP-1150,Contactar Cliente,2026-07-09 11:18:00,Luis Perez,3242,
OPP-1150,Calificar Lead,2026-07-10 09:18:00,Luis Perez,3242,
OPP-1150,Agendar Demo,2026-07-13 09:18:00,Luis Perez,3242,
OPP-1150,Realizar Demo,2026-07-16 09:18:00,Luis Perez,3242,
OPP-1150,Enviar Propuesta,2026-07-17 09:18:00,Luis Perez,3242,
OPP-1150,Negociación,2026-07-20 09:18:00,Carlos Mendoza,3242,
OPP-1150,Cerrar Ganado,2026-07-23 09:18:00,Carlos Mendoza,3242,
